Crop,Area_hectares,Temperature_C,Rainfall_mm,N_kg_ha,P_kg_ha,K_kg_ha,Fertilizer_kg_ha,Irrigation_percent,Yield_tons_per_hectare
mango,2.12,28.89,1387.77,30.14,26.4,91.08,136.1,47.02,8.17
banana,4.3,24.46,972.49,123.62,89.56,40.02,180.36,61.83,15.704
mothbeans,6.26,29.5,362.97,10.64,42.97,25.34,94.26,31.69,2.126
chickpea,5.22,21.81,618.81,44.08,74.28,26.07,77.5,53.76,3.227
mothbeans,16.62,28.01,323.23,39.35,31.21,26.78,80.67,32.99,2.076
pomegranate,12.85,26.24,461.97,42.96,24.8,81.16,155.47,59.82,6.145
mungbean,18.47,29.24,729.2,40.31,57.86,27.59,72.28,40.13,2.816
muskmelon,3.83,27.25,504.17,61.59,51.38,78.76,185.61,42.11,14.553
watermelon,9.13,25.53,312.41,116.37,45.69,55.38,171.82,35.29,15.748
chickpea,15.98,23.96,405.98,42.24,71.61,39.3,112.69,54.97,3.347
mango,10.12,30.7,1095.31,35.79,22.88,110.52,85.56,44.82,7.468
orange,11.02,25.63,1094.1,28.52,35.98,80.08,145.5,40.83,8.927
pigeonpeas,4.84,31.57,827.91,47.37,47.88,44.03,63.0,44.88,3.196
mango,26.23,31.34,1092.32,77.82,55.01,109.51,165.97,48.37,8.048
apple,17.25,19.31,953.62,91.22,45.35,154.92,154.59,78.4,6.54
maize,11.83,29.44,752.58,67.92,38.7,38.53,206.04,50.33,6.421
rice,16.74,30.54,1955.28,75.9,69.08,25.59,203.56,87.74,7.9
pigeonpeas,2.96,22.53,500.26,32.45,50.98,16.22,102.18,57.93,3.37
pigeonpeas,5.86,24.1,720.25,24.87,25.51,35.92,109.51,52.41,3.421
coconut,14.5,28.86,1903.48,15.75,19.74,38.42,156.4,54.43,8.948
mungbean,11.88,24.67,447.88,39.01,52.21,21.04,69.4,49.17,2.576
mungbean,19.12,27.46,620.8,19.59,45.66,35.37,100.03,37.42,2.832
banana,18.21,26.71,1443.49,86.09,58.78,37.5,269.8,60.34,20.477
coffee,13.39,23.55,1285.06,92.44,49.78,130.51,196.24,72.22,5.239
jute,17.48,27.0,1383.24,95.0,35.04,41.06,178.73,70.93,5.411
maize,22.85,28.81,639.06,66.11,41.5,45.88,160.89,45.38,6.204
mothbeans,13.05,31.36,275.26,39.07,51.25,23.69,58.56,39.43,2.131
pigeonpeas,23.99,26.9,574.86,29.34,26.61,18.95,72.1,46.98,3.237
apple,7.45,24.11,1064.15,100.04,64.55,144.08,219.91,65.25,6.866
grapes,6.9,19.73,960.49,48.28,44.97,90.75,102.7,40.74,10.219
mango,7.09,29.57,905.71,74.59,46.29,109.94,141.52,65.41,8.485
rice,12.43,27.62,2114.45,79.77,52.02,29.23,206.45,72.8,7.721
apple,6.73,25.93,1169.76,76.28,59.53,138.93,188.02,57.82,6.6
coffee,15.35,22.08,1233.94,93.95,57.14,106.17,177.85,66.84,4.774
blackgram,13.53,28.08,791.87,32.29,54.3,35.09,113.42,53.27,3.174
lentil,16.2,27.67,581.46,19.85,55.51,17.97,96.29,29.85,2.86
chickpea,13.27,24.33,570.99,41.26,63.36,21.27,56.22,41.68,3.086
mungbean,3.69,27.9,655.46,38.2,59.84,37.8,112.96,49.11,3.381
apple,19.78,21.86,885.62,100.29,73.16,114.42,130.08,66.25,5.908
mango,9.48,31.78,1266.55,60.53,32.31,77.95,83.95,60.5,7.006
mungbean,17.81,29.31,455.92,39.98,41.17,25.59,83.65,40.03,2.793
mothbeans,1.89,32.41,490.04,28.06,54.17,23.64,60.87,34.77,2.167
kidneybeans,9.71,18.74,624.8,18.8,67.55,27.69,100.64,55.43,3.25
mothbeans,11.97,32.2,312.23,31.94,53.52,17.57,99.17,28.24,2.147
cotton,6.13,28.44,896.21,94.13,54.31,44.63,209.65,60.93,5.217
lentil,1.18,22.34,335.81,25.73,42.83,37.91,102.2,48.66,3.124
banana,7.92,30.79,1071.58,129.28,58.16,52.12,150.55,78.73,16.564
kidneybeans,12.89,19.56,505.45,43.42,57.4,21.12,84.1,38.55,2.921
coconut,2.07,27.24,1263.31,13.82,25.26,48.53,188.32,84.62,8.357
blackgram,17.97,28.97,935.72,38.19,37.01,30.69,123.91,63.46,3.525
mungbean,16.93,26.1,803.15,44.9,66.85,22.6,104.23,23.81,2.798
coffee,14.4,18.54,1238.75,109.22,33.56,125.88,133.16,78.24,4.39
rice,29.82,26.38,1513.06,86.91,55.01,44.44,222.03,72.48,7.435
mungbean,4.39,31.23,674.75,19.5,42.1,31.5,95.74,43.98,2.746
grapes,4.85,18.26,990.45,52.96,55.76,101.02,130.77,53.92,9.046
chickpea,6.76,26.28,602.11,23.52,63.08,49.28,71.57,20.04,2.818
mango,16.18,30.15,997.2,62.46,23.07,88.85,89.65,43.69,7.148
blackgram,4.58,24.87,698.11,17.36,64.4,18.07,66.07,58.34,2.951
orange,3.51,27.02,1394.62,51.12,22.81,97.39,109.5,36.21,8.786
kidneybeans,16.28,18.81,523.5,31.96,46.29,16.98,98.73,27.51,2.689
watermelon,22.69,31.74,583.91,119.98,56.86,66.19,178.59,42.77,15.08
pigeonpeas,26.03,22.0,527.97,29.58,47.48,26.96,55.31,37.71,2.68
muskmelon,12.61,28.18,692.74,97.43,64.52,53.39,166.16,54.31,11.873
maize,27.45,25.34,724.37,76.22,36.62,61.38,164.5,53.2,6.666
grapes,8.9,22.65,958.45,71.65,61.69,108.89,134.77,42.92,12.834
watermelon,6.87,28.09,633.64,75.75,55.88,72.41,159.25,56.13,14.764
pomegranate,18.13,27.84,572.24,52.91,23.36,74.41,141.35,42.72,5.962
orange,5.95,28.55,798.83,25.23,40.87,84.38,94.85,44.2,9.232
banana,3.45,25.22,1469.05,103.58,91.87,46.17,241.67,71.14,16.394
mothbeans,15.0,27.73,332.26,18.97,50.83,19.93,54.63,33.78,2.024
banana,17.3,26.73,1620.34,87.61,71.61,38.41,147.35,57.26,17.66
kidneybeans,1.67,25.93,712.91,43.13,72.07,15.51,105.43,40.79,3.063
kidneybeans,9.91,19.28,471.42,33.1,67.53,30.91,73.05,27.09,2.688
rice,19.14,27.7,1223.39,113.38,32.93,48.65,181.08,68.76,7.295
grapes,7.42,19.27,750.9,49.61,57.2,93.31,103.59,73.92,10.361
orange,19.99,20.07,812.73,46.97,17.1,95.39,148.4,58.53,11.963
papaya,7.03,30.93,1442.44,76.01,51.08,113.28,117.41,81.9,21.66
papaya,5.87,28.15,862.3,53.53,26.79,108.49,168.18,58.5,24.041
orange,2.63,23.11,708.73,37.36,39.77,108.08,140.43,68.87,10.252
muskmelon,8.38,30.11,490.69,67.69,56.6,74.85,184.92,53.53,12.377
chickpea,9.83,27.78,514.63,47.78,47.54,36.66,106.14,52.36,3.447
watermelon,11.52,26.68,420.46,111.17,43.88,76.92,152.84,38.67,16.679
kidneybeans,4.91,23.94,717.23,40.93,52.79,26.27,65.51,25.85,2.662
muskmelon,11.6,26.96,508.65,96.49,55.59,78.89,129.1,59.17,11.912
pomegranate,15.33,21.54,833.41,24.62,20.61,54.25,131.14,32.45,6.037
apple,5.88,21.48,814.03,95.7,68.03,139.35,207.25,78.82,6.81
orange,9.31,26.39,1099.93,29.56,33.16,90.88,162.36,52.34,10.805
orange,16.16,22.59,1273.82,20.12,36.69,116.09,158.79,69.15,10.1
papaya,14.12,23.15,1758.09,69.28,56.26,92.64,101.49,65.39,22.387
pomegranate,17.23,26.12,707.33,23.51,23.48,78.49,83.78,52.52,6.952
orange,10.07,25.83,1180.54,56.48,25.67,110.72,111.11,57.08,10.99
mothbeans,11.32,29.83,475.08,11.05,21.24,18.73,81.31,38.33,2.295
mango,1.61,26.53,841.6,62.79,31.0,63.9,85.49,55.36,7.297
maize,14.69,28.18,872.82,73.78,63.02,59.15,119.95,58.31,6.159
mungbean,1.38,31.57,777.64,21.03,54.8,29.87,53.82,27.67,2.575
grapes,18.08,21.51,582.23,60.48,65.85,107.99,101.92,74.46,9.456
mothbeans,3.94,26.66,417.23,28.22,26.17,27.81,56.86,25.9,2.001
banana,13.71,31.21,1395.34,120.58,58.09,68.41,184.13,67.4,17.296
cotton,9.61,25.26,639.49,69.29,52.56,32.43,216.13,72.09,4.955
papaya,13.08,25.84,823.6,84.45,62.17,98.92,102.48,68.23,23.884
mungbean,16.72,31.52,732.96,43.94,67.69,19.87,96.18,33.97,2.685
chickpea,8.07,24.73,610.22,20.09,63.55,27.31,76.27,44.72,2.959
maize,14.54,23.71,601.84,61.13,39.2,64.96,153.6,35.08,6.803
cotton,7.24,26.28,969.24,74.3,57.26,69.77,106.23,56.26,4.417
pomegranate,12.45,28.57,448.94,26.04,29.5,52.55,104.82,35.61,6.217
watermelon,17.63,26.37,578.65,73.5,35.97,71.14,136.68,43.59,16.378
coconut,17.95,25.06,1940.79,32.18,32.46,36.55,160.43,69.0,9.004
mungbean,9.19,28.79,849.06,44.85,37.76,24.62,57.65,34.08,2.709
papaya,11.21,27.21,1127.11,45.51,64.24,80.56,123.13,50.82,27.196
orange,3.31,26.82,851.7,24.82,31.3,83.24,174.12,47.96,10.319
banana,6.48,28.4,1228.27,134.55,69.27,41.15,220.69,68.86,17.929
maize,17.2,26.37,966.2,91.03,38.61,30.87,182.65,43.62,6.858
grapes,5.55,18.16,814.75,82.24,54.35,94.78,171.55,63.43,12.115
grapes,17.55,20.58,586.31,87.19,54.28,105.6,111.93,74.83,12.674
maize,6.85,29.54,997.8,75.4,59.82,41.31,118.14,48.48,6.299
jute,26.49,26.69,1743.26,105.39,46.48,62.87,183.03,74.57,5.735
chickpea,5.58,24.32,569.55,20.16,74.83,44.43,84.05,43.81,3.078
coffee,4.41,21.59,1998.08,121.98,29.49,121.72,141.99,78.54,5.175
apple,13.88,18.32,1133.5,88.23,45.15,130.43,212.44,54.01,5.916
watermelon,11.81,30.71,323.76,93.49,57.55,73.74,202.34,45.95,15.721
watermelon,22.52,25.17,329.67,85.71,56.61,74.71,218.45,49.38,16.235
blackgram,4.8,29.04,888.52,26.99,60.0,32.46,51.82,57.18,2.776
grapes,12.37,25.29,979.48,81.6,63.5,103.77,126.83,50.21,12.57
lentil,3.83,23.84,317.98,39.74,49.73,25.37,66.27,53.93,2.84
pomegranate,5.28,23.3,635.48,34.2,49.92,56.87,145.2,59.55,7.468
cotton,7.0,22.58,895.69,108.48,25.8,67.91,153.51,71.21,4.824
blackgram,16.33,24.83,666.96,17.09,49.8,17.02,107.89,49.33,2.986
cotton,3.72,30.64,527.75,80.35,29.74,49.17,127.87,73.08,4.077
coffee,18.11,19.48,1886.17,82.88,52.93,124.5,161.18,53.72,4.909
mungbean,18.91,26.55,527.97,44.98,60.15,16.18,49.33,21.02,2.386
banana,16.02,30.6,1091.84,127.91,69.46,49.81,271.09,86.22,17.353
chickpea,16.08,27.97,723.84,35.21,49.0,20.32,87.21,50.12,3.177
pigeonpeas,19.28,28.27,919.59,44.6,53.62,36.88,85.96,40.74,3.367
banana,1.08,27.57,905.45,84.5,72.22,37.87,178.59,77.94,15.895
lentil,7.93,24.26,492.82,40.39,54.92,22.25,90.73,48.7,3.111
mothbeans,18.8,28.78,342.11,39.85,38.57,31.58,94.66,33.15,2.27
rice,22.75,25.64,2104.11,74.64,33.65,46.14,185.92,82.35,7.955
mothbeans,11.42,28.27,589.61,13.21,24.77,26.11,70.86,24.26,2.292
coffee,7.21,18.61,2125.8,88.9,31.02,87.07,200.83,54.3,5.231
coconut,15.9,27.39,1621.96,34.69,22.64,53.93,157.5,73.29,9.561
muskmelon,18.36,30.86,554.11,86.74,45.85,66.7,166.92,52.96,13.359
rice,21.25,28.74,1630.11,109.17,66.76,29.02,164.21,62.54,7.257
orange,14.44,22.54,1026.37,46.43,35.57,113.11,127.38,42.12,8.957
coconut,6.81,30.24,1462.02,34.73,27.9,31.79,150.69,58.92,8.381
coconut,16.86,28.85,2422.37,21.63,22.55,56.07,120.63,84.6,9.517
blackgram,19.96,31.33,892.65,44.01,61.04,22.97,109.97,34.79,2.858
orange,16.83,20.27,796.86,51.91,31.27,112.88,143.54,59.94,10.07
coffee,3.79,21.7,1357.51,101.13,56.91,94.03,135.01,73.88,4.781
mothbeans,15.2,26.31,532.43,38.11,41.23,27.76,82.82,49.75,2.823
lentil,17.02,27.78,598.0,37.94,61.69,27.02,74.67,28.41,2.57
chickpea,5.22,24.72,509.51,49.24,64.15,28.65,91.85,50.33,2.948
chickpea,17.62,21.05,447.53,50.35,52.41,32.47,75.75,51.43,3.261
banana,5.7,29.3,1040.55,91.65,90.17,40.18,142.63,72.54,14.48
mango,15.4,29.46,889.72,33.19,54.2,96.44,96.49,45.43,6.46
watermelon,11.69,29.4,720.56,119.55,35.66,79.98,206.49,36.96,16.129
chickpea,13.86,18.66,350.43,27.43,71.84,39.39,62.04,51.16,3.104
coconut,14.66,27.12,1999.8,17.64,24.89,50.67,103.33,51.75,8.587
banana,4.49,28.22,1188.47,118.24,63.51,62.84,220.3,88.5,20.105
maize,13.37,21.94,825.4,87.18,40.42,60.43,147.9,36.99,6.541
mango,23.61,31.1,1375.09,50.72,45.99,88.99,91.8,63.76,6.527
lentil,8.46,18.96,406.46,30.06,50.11,28.63,100.19,27.88,2.651
rice,6.49,24.3,1936.62,116.28,45.32,31.89,135.53,63.05,6.548
watermelon,4.67,31.37,470.69,72.51,41.98,79.72,174.73,65.03,16.146
rice,20.15,29.71,1439.11,73.13,36.84,49.66,228.51,86.46,6.894
banana,6.05,29.68,1185.75,130.97,78.45,57.19,211.23,87.5,16.879
mango,13.19,27.13,1413.56,56.82,56.15,103.6,115.11,52.27,8.126
mango,4.14,30.41,1200.05,35.04,31.47,68.23,159.76,53.65,7.937
lentil,14.97,19.2,567.28,20.35,39.14,19.06,78.05,42.59,2.453
mothbeans,17.13,26.55,462.3,23.34,35.5,11.79,88.17,46.26,2.506
grapes,18.13,24.92,866.53,47.63,49.16,125.15,117.61,64.55,10.663
rice,29.27,29.71,2123.89,118.4,56.07,36.38,165.76,93.15,6.852
pomegranate,11.16,21.17,543.75,40.65,40.38,65.81,92.92,34.88,6.432
mungbean,3.1,28.46,855.34,25.24,36.78,38.63,54.93,39.0,2.592
mango,26.11,24.11,1348.01,79.06,21.21,103.5,179.91,62.9,8.381
muskmelon,13.73,27.51,593.68,103.38,56.54,89.65,165.44,64.83,14.955
coconut,21.98,28.24,1791.46,18.4,12.38,27.4,168.41,55.68,9.452
mango,12.1,30.85,812.29,59.2,36.27,70.23,81.23,44.57,6.456
chickpea,2.58,26.71,556.4,26.18,54.82,44.02,110.92,38.19,3.091
orange,2.14,23.6,908.62,28.77,39.71,99.55,133.55,71.43,8.289
blackgram,12.44,30.65,801.33,17.72,46.2,23.7,101.48,52.83,3.208
blackgram,16.05,24.61,961.81,38.13,53.07,29.44,53.97,32.08,2.232
muskmelon,4.96,29.06,602.7,97.28,39.5,53.15,122.81,51.79,10.965
mungbean,11.37,28.54,848.13,23.33,63.59,28.95,79.33,31.98,2.834
lentil,11.45,23.84,416.39,23.79,43.02,38.39,70.28,40.48,2.574
muskmelon,2.63,25.27,353.09,106.62,61.97,80.88,101.67,55.1,13.394
jute,1.65,24.92,1516.0,88.0,39.78,46.45,152.99,58.82,5.081
lentil,2.69,22.37,696.2,21.88,58.47,38.46,95.26,41.31,3.033
kidneybeans,2.05,25.81,614.71,36.89,68.19,23.81,105.92,58.65,3.228
blackgram,14.48,31.88,729.03,28.9,45.84,24.76,107.71,43.24,2.718
muskmelon,9.53,26.96,401.38,66.67,42.77,84.24,131.88,46.11,11.5
jute,11.36,27.54,1726.43,85.62,60.61,33.67,199.6,62.15,5.714
cotton,10.35,28.97,978.49,95.25,48.25,47.49,190.73,74.91,5.318
rice,25.94,28.46,1100.99,118.61,53.38,51.14,145.23,75.31,6.703
maize,20.72,21.81,837.41,69.49,47.43,38.95,193.18,53.66,6.083
coffee,4.67,20.17,1909.9,128.81,44.46,83.82,206.28,46.48,5.08
apple,8.68,22.29,929.77,118.1,69.74,159.74,135.41,72.62,6.127
coffee,1.19,20.99,1820.38,80.78,41.33,130.59,133.17,79.45,4.773
pomegranate,5.48,22.74,422.64,36.6,44.08,96.15,103.78,32.84,6.944
maize,27.47,29.2,825.44,61.09,51.88,34.81,215.04,40.54,6.556
maize,25.31,22.21,862.81,55.04,54.52,39.51,149.57,44.78,6.33
blackgram,18.02,24.69,993.16,19.68,44.88,23.93,66.5,32.63,2.497
rice,2.06,26.43,1740.55,122.13,34.43,32.87,194.17,72.74,6.216
pomegranate,19.98,26.14,844.89,51.34,42.7,77.66,68.12,25.63,5.108
orange,9.97,23.74,1110.47,56.59,26.44,94.76,167.75,65.92,9.913
pigeonpeas,5.85,31.75,627.51,43.99,51.83,30.44,66.9,32.56,2.891
papaya,6.98,29.97,1564.76,82.21,60.82,96.06,192.03,77.26,25.836
rice,29.33,25.1,1677.15,88.66,30.15,64.89,153.61,94.06,7.3
muskmelon,14.73,28.62,327.83,100.2,62.3,47.4,102.12,59.57,11.183
grapes,7.2,24.34,886.67,46.85,60.35,86.82,190.46,62.31,14.171
banana,3.31,28.05,1524.84,114.87,62.99,63.14,240.16,80.86,18.023
cotton,20.87,25.81,583.2,98.14,42.39,33.12,214.67,47.58,4.77
pomegranate,11.25,23.38,822.24,34.3,41.9,101.12,110.48,61.38,6.581
chickpea,1.6,19.44,595.68,28.14,64.98,30.54,112.07,48.67,3.09
mango,16.17,25.51,1336.19,78.03,48.87,115.07,178.42,47.32,8.269
pomegranate,17.08,25.79,601.52,24.99,30.29,107.46,110.92,43.78,6.096
lentil,6.95,26.86,484.75,24.54,36.31,25.47,77.54,34.22,2.474
muskmelon,7.0,29.53,422.62,104.41,44.38,61.91,181.41,64.29,12.692
blackgram,11.52,29.6,923.94,26.64,51.65,17.35,62.34,62.61,2.908
rice,14.07,29.51,1557.52,90.63,40.47,36.13,249.9,65.78,6.681
mothbeans,14.63,31.74,511.48,11.85,54.79,11.36,89.54,40.91,2.599
cotton,13.45,27.66,834.54,86.1,40.67,58.06,107.3,56.6,4.095
rice,3.15,23.33,1992.71,104.81,60.98,50.24,243.5,82.35,7.739
grapes,2.88,19.24,740.26,62.11,39.82,80.31,111.23,48.26,10.094
mango,22.4,24.59,750.62,48.06,41.1,105.76,113.47,44.63,7.341
kidneybeans,6.25,25.14,684.6,27.13,67.86,23.53,86.52,57.3,3.416
rice,17.47,25.49,1393.71,71.01,67.93,27.42,157.92,92.25,7.642
muskmelon,16.45,31.05,518.81,100.99,47.9,66.35,176.54,48.52,12.483
mango,14.96,31.67,1222.02,54.78,24.43,75.15,109.48,61.77,7.583
coconut,8.21,29.91,1806.98,26.55,28.12,35.33,113.39,54.2,8.567
rice,10.98,27.19,1350.96,117.95,49.93,62.03,207.18,78.0,7.851
blackgram,18.62,24.21,872.02,22.56,51.85,33.74,108.84,55.37,3.071
apple,5.59,22.95,1163.34,82.89,69.25,159.24,118.07,48.09,5.514
chickpea,9.75,20.38,535.74,49.74,51.21,31.02,119.32,51.95,3.43
banana,11.76,25.86,1014.71,119.82,60.36,62.37,178.05,83.65,14.819
blackgram,19.52,25.39,616.22,43.48,44.18,24.84,56.47,44.14,2.611
mungbean,19.23,30.09,720.47,35.28,46.6,31.16,58.07,57.51,2.895
muskmelon,14.41,30.8,360.32,95.72,46.44,83.38,180.75,65.54,12.179
jute,29.01,29.76,1741.5,81.69,35.08,39.64,191.67,79.85,5.522
jute,17.09,31.6,1466.07,86.36,66.11,43.3,145.68,65.64,4.863
blackgram,18.37,31.29,711.97,24.32,39.82,22.68,76.62,52.16,2.606
papaya,9.71,27.45,966.8,66.58,49.24,79.44,118.57,79.25,23.084
banana,8.42,28.47,1200.17,121.4,80.91,52.81,147.56,87.78,16.269
lentil,3.38,18.87,679.83,28.89,57.06,15.58,63.12,37.69,2.586
coconut,18.18,28.24,1298.16,41.27,23.77,42.87,155.53,65.68,8.687
jute,20.7,31.31,1703.25,74.96,56.26,46.08,150.68,89.28,5.424
coffee,9.36,19.01,1291.72,110.05,46.22,126.4,122.77,56.43,4.455
muskmelon,18.26,28.02,666.55,87.51,56.91,58.21,169.04,44.25,13.287
banana,13.45,29.95,1457.1,113.6,79.27,49.07,149.92,60.59,12.955
orange,8.0,22.67,1280.25,25.78,37.62,119.03,148.71,38.17,10.39
mango,29.94,27.89,1279.48,62.19,29.49,62.83,125.34,62.55,9.006
mungbean,16.89,31.43,718.27,44.85,36.16,35.87,104.99,56.67,3.086
pomegranate,10.44,20.33,512.65,43.96,44.31,54.85,148.21,56.9,7.33
apple,4.89,22.27,997.4,72.04,48.35,158.3,179.74,46.17,6.382
papaya,16.66,27.96,1418.54,42.95,33.06,103.06,107.06,74.66,22.375
muskmelon,6.15,25.02,673.64,74.42,47.54,89.84,146.66,49.4,11.632
pomegranate,11.44,23.83,632.47,31.99,20.36,63.22,66.48,29.61,6.312
rice,17.33,25.19,2115.31,89.87,63.4,60.84,187.67,91.3,7.625
blackgram,7.19,25.03,1091.12,35.3,60.52,33.8,105.86,43.46,3.085
coffee,15.92,20.27,2024.23,95.17,21.72,147.47,229.28,57.17,5.531
maize,11.8,25.13,593.98,63.54,37.65,57.79,172.2,72.89,6.247
mango,17.28,30.34,1327.06,51.92,39.05,119.68,147.46,63.51,7.966
pomegranate,1.19,22.31,702.85,19.49,37.94,99.18,91.82,28.28,5.92
lentil,2.93,26.33,320.78,42.75,38.47,36.09,103.67,54.28,2.997
pomegranate,9.48,24.4,478.62,20.0,36.4,99.64,73.54,61.4,5.735
watermelon,22.29,26.7,688.33,74.78,55.91,54.12,116.28,62.13,16.958
apple,2.6,21.98,794.25,94.73,65.1,156.01,178.67,46.09,6.082
watermelon,17.58,24.77,394.28,73.83,51.14,89.33,180.64,63.43,16.479
kidneybeans,18.8,19.5,442.92,29.93,60.59,27.7,80.57,59.82,2.943
coffee,9.9,25.7,1650.58,80.85,28.68,86.66,120.08,60.12,4.224
pomegranate,2.46,21.08,888.48,23.49,39.18,88.19,123.11,33.27,6.728
apple,3.93,21.63,1139.27,92.44,68.4,122.59,138.36,74.2,6.415
jute,4.55,29.46,1572.79,92.47,41.29,58.94,119.99,85.99,5.344
maize,5.39,21.66,829.26,109.55,43.24,61.22,136.22,60.92,6.722
pigeonpeas,25.26,30.93,825.61,38.93,24.36,30.27,98.93,28.27,2.945
grapes,19.27,29.89,729.05,60.07,37.77,134.48,107.9,72.66,8.238
coconut,23.46,30.79,1460.79,10.61,29.64,36.14,156.22,58.9,8.759
orange,3.14,26.26,1312.43,34.5,20.9,84.0,158.6,58.66,9.874
mungbean,6.91,27.2,466.75,20.77,40.02,35.26,94.34,41.21,2.915
papaya,17.81,23.56,1213.53,71.59,39.8,102.08,124.48,67.76,22.562
rice,3.18,29.3,2018.77,98.35,50.39,37.49,255.72,85.66,8.325
orange,1.11,22.44,1160.58,37.53,18.95,106.87,84.71,56.75,10.139
mothbeans,16.74,26.88,577.74,27.41,41.41,22.92,73.27,38.37,2.432
mungbean,4.29,28.67,610.28,15.46,37.44,19.88,98.85,55.68,3.082
papaya,14.43,27.75,1675.98,51.39,41.07,117.77,115.96,77.32,20.556
chickpea,19.32,19.18,684.58,51.79,69.68,44.27,75.29,44.97,3.044
muskmelon,13.18,24.09,383.62,86.25,35.73,52.47,173.63,69.62,11.561
mango,22.44,25.91,1237.12,42.76,40.45,116.92,118.13,65.65,8.636
orange,4.8,25.43,710.42,40.35,28.78,112.82,152.18,36.44,10.108
grapes,8.54,21.3,943.28,49.38,37.97,103.93,168.94,68.26,13.71
jute,16.67,25.46,1456.59,99.19,58.55,47.39,127.44,80.27,5.303
rice,22.36,23.04,1032.09,71.69,36.81,52.8,170.86,60.56,5.446
kidneybeans,18.73,25.24,655.57,25.27,72.77,18.06,61.82,40.18,2.749
chickpea,19.03,18.98,603.87,22.12,47.31,37.91,88.6,40.06,3.264
cotton,23.58,29.92,988.64,96.03,55.8,32.59,166.49,55.1,4.731
pomegranate,15.11,22.47,480.41,29.31,42.15,91.7,126.59,58.18,6.986
jute,2.86,30.14,1501.18,82.81,50.1,62.6,138.5,81.53,5.119
banana,16.9,24.85,1799.19,119.94,81.01,38.17,265.58,56.01,16.003
chickpea,8.92,27.96,420.57,47.86,72.84,40.64,57.65,31.43,2.496
coffee,12.63,22.68,1738.13,99.05,46.55,139.63,142.69,73.49,5.099
kidneybeans,6.28,20.93,556.38,33.12,51.6,35.11,80.63,49.72,2.987
kidneybeans,3.64,20.35,522.38,22.84,58.82,31.33,85.66,32.05,2.938
lentil,8.99,27.59,600.79,31.23,44.96,37.42,60.28,31.39,2.513
blackgram,11.67,29.43,779.53,30.87,53.83,19.85,129.54,37.14,3.012
cotton,4.79,27.74,574.05,115.72,52.93,39.35,135.73,50.26,4.164
lentil,15.03,26.87,670.64,34.81,41.91,17.13,60.08,53.67,2.934
coffee,18.26,22.06,2090.47,113.23,28.5,106.93,255.5,45.69,5.405
grapes,2.65,27.32,707.64,65.46,51.43,110.18,165.23,61.31,10.104
watermelon,1.79,25.31,471.31,82.79,43.41,87.59,112.14,51.93,13.611
mothbeans,2.73,26.53,590.93,15.94,22.76,33.8,93.56,37.95,2.535
jute,6.06,24.43,1672.92,100.84,48.78,42.72,160.54,85.63,5.409
mothbeans,19.34,30.95,324.25,15.54,42.38,15.25,73.19,44.22,2.332
kidneybeans,13.65,19.16,507.68,44.54,74.39,23.07,66.87,33.03,2.422
pomegranate,14.46,23.11,899.34,44.27,35.66,102.03,118.93,47.11,5.66
cotton,22.07,24.31,808.03,99.56,36.49,62.75,206.24,69.2,5.246
cotton,4.43,28.57,846.67,108.87,31.34,50.67,179.3,43.95,4.622
jute,10.87,29.52,1340.68,73.26,42.02,30.04,156.85,56.36,4.931
lentil,18.27,24.0,406.97,39.22,59.56,39.43,69.52,22.06,2.208
coffee,17.1,22.56,1922.12,98.86,43.89,148.21,155.16,72.74,5.15
cotton,15.41,27.83,817.84,68.72,28.35,40.35,172.84,72.27,4.914
maize,10.48,24.37,868.99,100.97,37.05,56.68,193.67,70.79,7.393
apple,9.71,21.54,850.96,115.92,72.35,106.64,219.64,75.77,6.702
mungbean,13.69,29.17,829.81,24.41,61.25,33.8,61.74,44.85,2.763
mungbean,6.18,24.89,878.02,19.63,41.92,22.28,82.06,55.31,3.06
papaya,1.05,25.69,1355.04,56.7,35.88,97.6,121.78,66.19,26.744
apple,8.22,20.8,1005.26,84.06,49.95,157.69,197.14,78.55,6.498
coffee,15.71,23.21,1901.88,94.17,29.4,117.22,148.61,70.42,4.833
lentil,12.83,26.8,678.4,16.23,42.17,17.89,95.2,21.59,2.609
mothbeans,3.44,27.1,407.83,27.19,54.96,10.65,40.02,27.26,1.615
mango,27.55,25.09,1223.57,39.92,31.08,91.37,154.2,60.25,8.842
kidneybeans,10.38,22.95,502.99,44.21,57.02,19.06,53.91,47.27,2.669
rice,28.81,31.44,1857.9,74.14,53.73,64.56,252.57,63.71,7.52
lentil,16.62,22.79,324.86,22.74,63.14,33.79,101.93,41.07,2.836
apple,14.08,18.89,809.57,79.52,56.6,109.61,141.63,53.51,5.806
watermelon,23.18,28.36,507.56,119.47,32.28,86.61,160.2,55.15,15.148
mango,20.12,30.25,1308.76,45.81,28.21,87.22,134.68,67.17,6.95
rice,23.65,28.8,1927.82,128.05,53.38,61.17,209.87,66.36,7.368
muskmelon,2.36,31.47,674.76,87.3,51.58,58.14,96.4,60.81,13.44
kidneybeans,1.96,24.94,522.32,33.57,67.8,18.21,104.66,57.85,3.079
orange,11.87,29.24,977.47,58.4,22.72,66.34,132.48,71.29,10.212
orange,14.83,27.72,923.27,40.68,36.23,82.06,141.56,52.37,9.74
papaya,3.77,25.22,1732.44,71.53,26.52,74.64,194.25,67.7,26.231
mungbean,16.43,29.68,634.2,41.77,43.05,19.26,90.0,58.88,2.982
maize,7.67,27.32,574.86,93.0,60.13,39.13,133.56,49.92,5.766
pigeonpeas,28.97,30.48,810.76,38.35,44.13,34.08,54.75,52.93,3.32
muskmelon,17.89,30.34,499.53,74.42,36.3,84.53,161.02,55.03,12.796
orange,14.1,28.05,1314.3,21.79,42.08,68.83,149.83,49.87,11.043
rice,3.04,22.57,2099.23,88.73,69.29,63.57,139.96,85.02,7.465
pigeonpeas,6.29,23.69,589.63,28.23,31.22,44.27,89.63,42.11,3.193
mungbean,14.46,28.89,676.28,38.57,69.74,16.17,88.02,48.67,2.892
lentil,8.3,22.0,556.02,37.13,65.79,36.9,91.89,53.49,3.136
watermelon,24.88,30.98,744.95,85.72,44.06,53.4,172.76,72.55,13.337
rice,26.44,27.2,1998.78,80.97,32.73,51.24,127.27,91.24,6.496
coconut,25.95,29.68,2492.53,20.99,33.35,33.75,180.11,85.31,9.715
coconut,9.74,26.16,2241.39,43.75,23.83,57.82,203.74,58.72,9.632
mothbeans,3.93,29.23,466.88,37.99,54.33,11.74,48.28,42.68,2.251
coffee,3.78,22.42,1929.35,91.28,26.54,95.86,234.54,54.37,5.413
mango,22.45,27.75,737.69,31.42,25.53,95.75,159.81,68.2,8.521
grapes,3.29,23.93,777.3,66.83,61.53,122.67,98.48,46.29,10.785
mungbean,13.36,31.11,898.89,28.46,44.1,36.33,52.92,58.97,3.037
pomegranate,17.59,24.8,892.83,49.99,32.87,54.16,82.45,56.06,6.403
banana,4.22,29.79,1075.72,133.78,56.05,53.27,184.81,62.88,18.571
banana,12.52,24.53,1117.16,83.64,76.96,40.61,225.46,82.68,15.574
pigeonpeas,28.78,27.84,839.56,36.25,52.26,46.37,80.62,52.6,3.193
pigeonpeas,14.04,28.4,600.77,50.52,52.47,27.23,96.29,30.64,3.003
watermelon,2.62,25.47,776.99,118.43,63.86,41.84,145.89,65.39,15.89
kidneybeans,4.72,24.4,536.1,19.49,50.6,28.27,109.23,27.47,2.89
pomegranate,18.55,22.66,566.65,41.41,46.03,56.89,80.99,62.92,6.19
mungbean,3.84,31.98,589.56,34.46,68.88,16.44,109.6,42.71,2.85
jute,22.39,25.1,1224.18,70.52,67.82,62.65,162.77,88.91,5.363
blackgram,4.6,24.99,877.63,32.89,58.77,33.83,121.4,58.2,3.074
chickpea,2.26,23.62,482.52,53.36,67.66,35.21,80.08,54.86,3.292
watermelon,24.02,24.35,775.16,83.97,53.27,48.74,198.09,68.68,12.781
banana,15.86,30.93,1002.69,123.94,72.6,54.36,231.57,88.94,15.175
watermelon,17.65,31.82,421.72,86.66,58.75,43.14,175.98,56.42,14.528
jute,14.19,25.27,1320.15,118.07,55.02,40.37,193.17,85.63,5.795
banana,16.08,26.08,1732.48,111.74,58.7,43.46,266.88,89.7,19.477
pigeonpeas,27.69,23.02,969.86,17.7,38.96,44.41,55.62,25.73,2.799
pigeonpeas,26.44,31.48,847.63,36.31,44.08,30.01,56.69,62.15,3.488
rice,11.38,30.13,1761.13,122.07,69.78,33.1,217.28,76.33,8.212
lentil,5.15,22.74,469.59,26.7,41.66,35.07,69.67,51.05,2.715
jute,7.62,31.94,1330.76,111.0,51.45,35.16,114.22,72.51,5.179
grapes,18.06,21.34,512.99,78.78,59.58,118.18,179.69,69.4,9.155
coconut,20.32,28.78,2416.39,37.94,22.03,25.5,158.97,52.46,9.383
blackgram,12.54,30.63,709.84,33.98,46.71,33.59,51.96,44.97,2.533
pomegranate,13.56,21.46,676.26,24.73,15.58,102.01,109.17,56.27,7.477
orange,4.99,21.54,786.73,57.05,15.48,96.11,174.75,49.4,9.77
mothbeans,15.44,32.37,598.92,20.44,29.99,21.33,91.39,40.5,2.405
banana,15.54,29.62,1181.75,81.33,75.3,45.0,180.57,87.45,16.342
pomegranate,16.4,23.43,820.72,35.75,27.14,100.38,135.22,36.91,7.306
mango,18.57,26.53,1317.23,35.73,42.25,95.62,82.21,36.26,7.501
apple,7.08,23.35,942.67,73.71,57.18,106.12,107.55,52.29,5.509
jute,10.38,29.81,1495.13,70.21,46.23,65.07,134.01,63.22,4.917
mothbeans,11.25,31.17,275.64,15.34,23.53,29.12,90.16,21.53,2.094
coconut,29.04,30.18,1867.81,18.9,25.79,37.39,192.47,89.98,8.373
cotton,15.52,27.41,776.19,102.87,34.61,56.6,184.48,51.45,4.7
pomegranate,7.53,24.78,610.01,20.15,16.36,52.13,95.02,53.75,6.571
jute,17.1,27.96,1810.85,80.0,48.4,64.63,216.67,82.17,6.592
banana,3.39,26.25,1752.1,98.11,65.21,69.07,152.03,60.62,15.508
pomegranate,5.46,25.48,613.12,46.82,32.11,80.04,158.91,31.01,7.256
grapes,4.4,22.97,893.41,85.45,55.78,100.96,165.05,65.91,12.953
apple,5.24,22.25,889.19,94.02,71.71,116.44,164.5,56.73,6.192
rice,13.33,30.79,1324.41,123.62,47.04,38.11,190.35,74.62,6.961
coffee,5.26,20.09,1214.21,82.97,49.53,139.88,245.75,58.65,5.118
lentil,2.73,27.38,685.41,33.49,48.25,35.83,58.31,35.03,2.76
blackgram,7.63,29.59,710.78,24.74,35.7,18.84,94.99,52.86,2.854
grapes,13.13,20.57,687.78,50.82,66.6,96.58,103.29,41.23,10.344
pigeonpeas,27.98,27.9,587.96,37.33,46.63,24.54,127.84,34.17,3.368
mothbeans,14.69,30.79,422.05,24.61,53.82,28.91,69.82,31.77,2.253
lentil,19.65,27.93,613.68,19.87,69.22,23.2,66.69,44.06,2.636
jute,18.95,30.92,1252.78,83.85,67.9,50.07,126.48,67.38,4.896
orange,7.37,20.12,1142.56,59.95,25.31,71.04,108.18,52.02,9.275
lentil,16.55,20.06,435.61,33.85,38.5,16.8,46.67,52.08,2.487
banana,6.48,30.59,1509.82,116.86,92.26,38.11,273.54,58.53,18.91
papaya,2.21,30.19,1508.77,50.35,62.27,94.25,206.51,69.2,22.717
coffee,16.22,18.39,1434.54,107.31,54.33,80.32,192.05,68.71,5.04
watermelon,8.11,25.17,620.38,85.06,50.13,86.69,134.96,55.5,15.261
papaya,9.14,29.21,1668.24,58.48,47.71,74.15,120.44,47.77,25.829
grapes,3.76,29.35,650.67,68.9,59.49,125.45,193.47,45.2,10.932
apple,17.0,20.64,1043.02,112.82,47.72,145.9,136.92,52.58,5.66
cotton,9.71,25.91,727.41,61.62,55.24,43.52,123.91,51.37,4.39
mango,20.52,26.66,1361.01,65.78,25.13,71.71,143.71,45.13,6.951
blackgram,6.88,28.39,881.51,29.19,54.65,20.25,128.34,33.43,3.151
papaya,18.19,29.34,804.21,55.6,55.53,95.06,156.26,63.35,25.269
watermelon,5.89,31.31,676.58,102.89,52.78,85.22,211.4,58.83,15.224
coffee,11.37,21.45,1957.93,120.87,27.98,85.71,174.68,63.7,5.11
pigeonpeas,3.81,30.4,747.37,19.44,58.1,34.22,120.45,59.76,3.712
orange,2.11,21.26,876.01,34.71,46.23,74.35,111.96,43.92,9.726
maize,22.03,21.7,642.38,72.15,69.88,33.58,116.8,72.03,6.466
orange,13.62,26.77,1218.92,25.06,43.65,101.29,83.05,48.42,10.727
cotton,4.72,29.66,603.87,89.34,31.23,60.15,129.51,45.13,3.685
jute,19.93,28.87,1967.28,90.5,60.63,58.22,128.35,64.92,5.404
pigeonpeas,25.25,31.51,915.84,30.87,22.26,33.12,80.11,29.92,3.234
papaya,15.67,26.76,1101.35,59.39,53.85,109.32,184.25,80.56,22.086
pigeonpeas,26.05,22.41,572.64,20.86,44.09,47.24,85.02,38.75,2.971
watermelon,18.64,28.74,492.81,83.38,32.01,57.67,124.06,40.44,13.572
pigeonpeas,7.74,26.4,750.21,31.02,47.38,20.21,91.55,30.55,3.135
lentil,5.9,21.58,303.71,27.52,35.1,29.13,90.76,39.68,2.585
papaya,1.47,27.5,952.96,42.39,48.94,116.62,104.33,76.34,27.043
blackgram,15.81,26.34,1001.94,24.84,59.18,17.17,53.55,64.92,2.968
muskmelon,17.96,27.66,365.79,102.72,63.0,49.48,165.17,42.53,13.01
pigeonpeas,2.04,26.97,631.77,28.71,45.96,32.42,57.46,27.92,2.871
orange,1.97,27.5,880.33,54.66,41.11,113.14,101.59,56.25,9.28
coffee,12.55,24.63,1714.06,98.51,30.68,116.11,156.74,74.52,4.964
rice,11.71,22.01,2154.18,102.98,53.94,49.0,197.09,70.15,7.712
pomegranate,4.97,27.38,473.61,24.82,37.78,93.73,65.15,30.06,6.195
coconut,29.25,27.66,1647.86,36.37,21.29,30.29,104.1,56.81,7.713
pigeonpeas,22.81,24.45,696.8,19.79,29.56,25.6,75.55,32.0,2.833
blackgram,18.75,28.03,1019.14,23.51,54.02,28.91,123.93,36.28,3.337
blackgram,1.98,31.79,951.91,23.53,41.13,22.4,120.06,40.2,3.101
coconut,21.2,28.1,2156.93,12.0,17.76,58.68,87.51,66.74,8.357
kidneybeans,8.55,22.68,451.22,24.63,50.8,17.58,110.63,45.63,3.316
muskmelon,5.67,31.76,606.14,93.69,37.8,68.09,172.26,65.11,14.235
blackgram,16.72,29.05,979.04,25.64,64.12,37.33,112.27,36.81,3.089
maize,25.73,26.7,644.26,108.63,54.99,45.67,152.46,40.45,6.429
watermelon,20.3,31.1,344.74,75.39,60.55,63.76,147.08,57.93,14.18
orange,9.88,22.12,732.02,53.53,43.52,69.75,144.52,64.51,9.746
kidneybeans,10.42,22.94,460.67,21.47,53.1,29.94,80.93,33.56,2.706
kidneybeans,9.08,25.11,687.7,34.53,53.44,18.11,102.71,44.88,2.938
pigeonpeas,11.49,23.86,785.05,51.52,32.66,32.78,118.95,43.1,3.676
watermelon,23.85,26.51,543.08,107.08,38.5,67.09,179.14,74.15,15.73
banana,15.21,24.57,1432.92,125.36,69.37,35.38,223.33,89.69,16.651
blackgram,3.63,29.59,1087.05,15.85,57.21,38.17,55.98,33.86,2.496
muskmelon,18.9,31.09,523.18,83.77,45.79,47.65,179.24,63.64,13.897
banana,14.21,27.97,1462.73,98.94,60.83,50.24,272.16,62.97,16.433
watermelon,8.57,25.04,647.4,83.69,42.07,44.52,159.76,41.33,13.641
grapes,4.85,24.47,740.69,68.58,36.72,108.3,154.13,60.48,11.484
jute,2.02,25.3,1711.4,106.97,42.38,66.7,202.12,84.69,6.279
muskmelon,7.86,27.58,620.75,80.83,30.89,57.74,113.17,62.78,14.246
blackgram,13.6,24.95,1068.53,41.84,40.58,23.08,97.01,55.13,3.07
grapes,15.38,29.79,897.88,65.19,40.93,121.18,181.77,72.63,12.583
coffee,11.74,22.39,1450.61,97.17,23.51,130.49,151.04,51.77,4.364
blackgram,5.86,29.77,708.2,39.87,41.57,32.42,112.67,36.61,2.686
chickpea,16.97,23.36,679.12,39.19,49.38,22.38,117.01,34.9,3.426
pigeonpeas,10.9,22.39,540.85,17.16,20.98,20.35,118.57,56.93,3.268
coconut,16.38,25.39,2401.08,25.45,17.55,30.92,159.63,55.8,9.487
blackgram,17.0,31.32,751.62,19.63,56.6,29.55,66.08,56.61,2.799
rice,6.53,23.83,1534.04,81.36,36.27,28.84,209.62,81.42,7.258
pomegranate,10.7,20.9,758.51,25.01,45.67,68.57,80.03,28.39,5.758
kidneybeans,17.59,23.43,436.16,32.77,51.65,33.35,107.92,45.77,3.036
pomegranate,9.11,27.82,550.51,39.91,46.25,63.29,121.99,62.92,6.951
chickpea,16.08,27.86,451.29,49.45,50.16,23.93,101.04,35.61,3.113
blackgram,16.88,28.35,1073.69,31.14,53.86,19.61,93.25,43.49,2.916
jute,18.04,31.73,1617.58,114.59,62.78,32.35,151.49,79.44,5.585
papaya,16.19,31.66,1048.92,75.48,55.28,126.18,208.83,67.94,26.05
watermelon,6.17,24.0,428.75,94.38,58.74,72.16,210.29,53.22,15.293
kidneybeans,13.01,20.58,709.15,20.65,66.49,30.64,95.66,31.16,2.838
maize,15.23,22.74,833.65,96.07,51.52,53.95,166.36,63.51,6.537
blackgram,19.78,30.77,889.83,33.8,45.6,31.99,111.63,64.94,3.51
blackgram,16.34,25.6,862.73,38.88,55.24,17.89,121.64,35.62,2.959
grapes,11.68,21.95,661.17,40.35,55.87,98.48,110.66,41.42,9.626
chickpea,8.66,18.63,693.43,20.82,65.51,28.2,83.33,29.85,2.817
grapes,9.93,21.48,719.93,74.28,36.4,135.65,121.13,63.89,11.132
coconut,6.77,27.63,2361.59,25.81,26.68,38.5,132.21,67.64,8.866
coconut,22.98,27.62,1471.34,11.61,18.88,52.59,182.16,66.34,8.588
coconut,15.64,27.72,2135.03,36.54,30.39,34.99,125.79,78.57,8.658
papaya,14.22,25.85,1277.65,80.86,54.81,118.51,218.48,59.81,21.038
mungbean,17.64,28.88,650.1,42.78,41.03,16.87,109.21,56.11,3.218
mango,22.4,25.37,1040.57,54.35,27.38,65.67,114.8,68.33,8.573
jute,25.35,25.17,1442.12,91.01,67.55,69.93,193.92,80.53,5.67
mango,21.43,27.63,1370.69,33.73,52.04,62.24,82.81,51.15,8.213
apple,4.14,24.48,707.72,107.34,70.64,138.98,149.14,45.99,5.838
rice,29.53,27.32,1960.81,105.71,61.32,51.22,216.76,67.97,7.154
mango,10.32,27.3,1390.98,31.1,37.36,100.8,91.04,62.73,7.266
chickpea,3.9,25.14,354.54,42.96,49.9,25.41,89.12,33.14,2.765
banana,6.29,29.13,1799.21,94.63,73.92,66.86,154.43,87.49,14.405
chickpea,2.38,23.1,454.71,52.24,68.49,23.23,67.03,35.93,2.808
grapes,8.96,19.1,584.65,41.19,45.51,147.9,131.68,48.43,10.32
cotton,3.84,26.68,600.28,71.12,41.23,41.58,195.53,71.3,4.884
coconut,4.18,28.41,1643.67,32.62,24.46,29.62,190.01,53.65,8.519
orange,1.31,27.05,875.61,54.49,28.44,71.98,126.79,45.21,8.645
orange,14.4,20.7,1036.79,51.29,41.18,108.9,124.82,67.82,9.272
cotton,15.4,30.88,815.08,91.26,40.0,48.58,125.11,67.92,4.211
maize,5.89,21.61,651.03,62.97,67.27,45.52,181.06,49.3,6.537
coconut,15.92,25.7,2409.9,13.83,11.25,31.94,195.61,78.03,9.374
cotton,22.37,29.23,997.16,117.76,34.41,35.8,118.4,70.82,4.802
banana,19.93,26.86,1054.36,130.76,71.62,65.61,148.56,58.89,17.227
mothbeans,11.47,29.23,597.02,29.62,52.73,13.63,67.05,42.01,2.539
jute,21.89,29.13,1832.19,97.49,53.81,54.25,112.14,64.56,4.977
kidneybeans,16.58,20.36,409.66,27.94,50.1,35.46,68.28,58.03,2.779
apple,11.07,22.16,729.72,72.57,66.04,137.43,105.66,58.25,5.299
coffee,17.35,18.14,2059.39,115.11,57.87,96.35,165.14,68.15,4.977
pomegranate,13.77,27.96,694.81,45.95,28.74,51.97,71.61,26.55,6.283
pomegranate,10.83,25.64,829.29,49.79,43.08,99.11,147.96,29.55,7.29
papaya,18.91,23.42,1388.76,68.77,56.46,78.91,121.52,75.08,23.224
grapes,19.72,19.5,705.96,82.58,43.57,98.69,178.93,49.57,11.139
grapes,2.4,29.72,502.75,75.91,43.52,147.73,131.97,40.95,10.995
mango,9.16,29.28,813.83,35.57,25.3,64.65,167.46,68.04,8.404
coconut,9.5,30.34,2190.69,34.44,13.36,48.36,212.74,53.66,9.614
kidneybeans,3.62,21.34,422.09,43.43,72.06,16.22,108.68,42.81,3.269
pomegranate,12.48,25.02,438.55,49.51,24.96,107.68,153.15,42.36,7.669
pigeonpeas,15.82,31.56,952.34,30.87,57.87,45.97,97.23,28.28,3.167
kidneybeans,1.03,20.16,619.62,31.04,48.93,30.34,119.92,45.47,3.333
muskmelon,1.43,31.67,492.92,99.14,32.9,66.9,139.07,67.82,11.409
chickpea,14.41,26.72,613.43,46.36,50.2,46.32,69.3,24.49,2.852
rice,12.52,29.25,1451.53,104.72,58.42,32.81,252.19,72.47,7.857
watermelon,6.42,29.99,445.88,106.36,52.42,44.17,185.34,70.18,14.476
lentil,16.53,22.61,332.37,29.62,64.33,29.28,65.73,52.23,2.756
banana,12.09,26.05,1085.78,129.58,58.71,52.95,212.88,75.09,16.614
chickpea,6.32,23.19,396.99,50.96,50.25,23.07,64.35,48.22,2.677
pomegranate,16.77,20.2,628.47,34.71,40.21,54.48,100.6,56.42,6.378
banana,18.29,26.36,1411.95,97.39,77.17,56.77,225.45,76.82,17.331
pigeonpeas,7.75,26.96,667.69,46.18,24.23,45.0,111.39,59.45,3.811
watermelon,5.22,31.46,742.28,88.03,40.68,46.87,209.96,60.1,15.667
kidneybeans,16.37,23.21,707.75,27.64,59.66,32.54,89.79,42.9,2.821
muskmelon,10.57,24.77,307.28,87.23,44.48,82.92,154.23,50.12,10.323
jute,26.34,25.97,1591.17,61.78,35.31,58.22,114.2,74.17,5.001
banana,9.6,26.82,1006.31,136.66,72.53,59.16,220.54,72.56,15.186
maize,21.32,24.55,768.2,89.46,51.4,60.09,109.87,74.19,6.536
papaya,6.93,25.16,1062.55,75.68,36.47,94.16,165.48,82.63,22.887
papaya,3.41,25.94,924.7,46.3,25.85,115.35,127.28,78.28,22.092
papaya,3.22,31.34,1401.47,78.34,27.15,100.37,174.72,57.27,21.985
watermelon,21.41,29.1,360.96,99.41,54.01,40.62,154.52,68.02,14.292
lentil,7.43,22.46,645.64,36.7,53.19,24.21,48.27,25.01,2.522
pigeonpeas,7.54,30.66,874.16,45.95,21.57,47.03,95.98,45.15,3.416
mothbeans,18.13,34.85,593.83,38.59,22.51,13.44,58.27,34.35,1.835
watermelon,3.27,29.34,606.31,113.38,36.05,79.99,154.01,52.15,19.44
coffee,2.67,22.98,1625.7,77.63,45.38,127.11,181.6,72.93,5.129
cotton,14.98,27.11,598.79,65.38,27.62,31.49,168.83,41.22,4.412
pomegranate,19.11,21.64,677.21,23.31,23.86,51.8,71.9,61.67,6.65
maize,23.87,23.07,865.48,70.73,57.56,43.04,220.46,74.28,7.231
mothbeans,5.59,33.64,348.07,33.27,23.92,17.21,72.02,33.37,2.195
apple,1.17,22.32,1156.67,99.94,55.16,111.67,182.19,71.99,6.52
banana,8.86,26.3,1713.89,119.32,79.56,66.04,148.2,84.32,17.636
jute,28.16,27.92,1226.72,94.46,54.54,30.6,203.35,76.7,6.019
chickpea,14.62,25.17,730.24,39.9,53.84,34.69,92.96,34.94,3.265
cotton,19.63,23.11,854.74,110.43,28.68,35.03,133.73,35.48,4.263
watermelon,14.88,29.29,348.53,110.43,38.75,87.81,127.76,60.01,15.01
papaya,13.22,27.11,1459.69,83.95,44.09,101.88,154.29,47.9,22.839
chickpea,7.59,25.27,624.43,30.87,74.49,39.46,92.4,22.45,2.863
cotton,12.64,30.96,835.81,74.26,54.85,43.92,202.4,46.96,4.326
grapes,16.82,29.92,661.26,85.1,63.21,84.76,126.76,47.67,10.865
papaya,13.4,25.61,1673.7,76.72,42.29,91.48,197.91,75.28,24.852
mungbean,10.72,25.56,712.77,38.1,40.37,22.96,105.75,40.22,3.022
cotton,23.53,25.97,829.22,114.54,53.52,46.6,152.98,70.48,4.941
pomegranate,10.71,28.12,463.71,19.98,34.9,64.06,133.02,62.99,6.793
mango,29.09,25.85,957.35,62.24,20.97,94.27,160.87,56.37,8.286
apple,4.05,23.28,1077.51,71.86,64.38,134.55,136.41,75.67,6.052
coffee,1.67,25.25,2076.32,81.09,30.61,93.2,220.73,53.75,5.305
mothbeans,15.13,27.43,475.6,26.77,35.08,24.76,81.7,35.03,2.108
kidneybeans,5.04,23.79,731.41,25.24,61.08,21.0,111.63,58.78,3.463
blackgram,15.78,25.4,748.24,24.66,44.97,34.01,53.28,36.88,2.387
pigeonpeas,24.9,30.66,742.74,35.3,36.08,27.09,119.83,37.19,3.304
chickpea,18.74,19.98,598.05,42.34,61.88,23.73,95.78,47.97,3.023
chickpea,2.16,23.96,397.61,28.57,54.86,41.93,62.87,25.8,2.593
orange,15.77,26.72,1243.34,47.75,19.75,96.49,157.69,69.62,9.487
kidneybeans,4.86,20.54,433.17,19.76,57.51,36.99,54.01,32.44,2.513
lentil,7.88,19.44,621.88,16.79,49.17,35.48,85.12,38.13,2.605
watermelon,21.86,28.61,509.04,104.92,62.31,64.48,111.92,65.64,16.148
banana,5.12,29.54,1518.16,112.35,92.4,48.49,257.02,57.63,15.652
cotton,1.65,28.01,881.92,77.09,52.56,55.29,211.5,74.24,5.227
kidneybeans,7.51,23.4,641.76,29.98,52.58,28.14,82.32,54.79,3.169
cotton,7.05,28.49,605.92,61.08,51.55,47.36,213.61,56.37,4.872
grapes,7.95,26.12,877.65,49.29,43.44,90.24,173.68,65.0,11.305
pomegranate,5.1,22.16,416.13,38.87,39.11,89.21,116.86,63.64,6.074
chickpea,14.19,22.74,472.99,32.81,63.34,27.63,60.64,44.37,3.109
orange,17.26,21.88,1115.99,55.13,28.11,66.07,161.1,54.27,9.794
mungbean,8.9,27.02,545.77,26.01,63.72,32.54,62.49,48.46,2.717
rice,15.86,25.33,1519.02,117.89,32.14,53.83,132.35,89.66,7.312
banana,7.74,30.66,1359.59,117.62,60.63,35.81,147.1,86.64,16.149
pigeonpeas,5.63,31.14,778.33,15.24,20.73,42.22,62.95,48.95,2.938
apple,13.32,25.81,975.39,85.27,63.62,103.28,113.48,45.25,5.297
chickpea,1.43,23.3,707.97,40.04,63.25,40.45,58.57,43.62,3.064
grapes,13.07,25.31,717.44,56.11,55.72,81.79,90.82,69.81,11.794
chickpea,18.22,22.79,418.22,31.44,53.77,41.51,51.8,24.97,2.479
pigeonpeas,21.92,23.03,753.63,21.8,21.86,20.01,119.55,32.05,3.151
coffee,8.77,24.18,1397.03,102.51,21.46,142.84,234.8,63.35,5.516
papaya,11.89,29.91,1634.95,59.88,27.67,99.04,152.05,52.88,23.573
mango,13.34,30.06,1019.78,52.65,44.21,119.21,106.07,43.12,7.119
apple,17.32,18.98,1163.09,71.3,74.27,104.6,123.36,45.14,5.363
rice,6.81,25.01,2123.25,89.58,30.8,30.67,124.5,74.1,6.545
banana,19.28,27.95,1725.58,101.29,89.3,43.25,239.05,58.1,20.826
coconut,13.58,27.47,1605.83,21.4,25.64,21.63,175.45,58.05,8.869
jute,6.48,29.7,1904.12,100.86,59.0,50.01,176.44,65.3,5.403
kidneybeans,5.46,25.67,585.35,42.86,49.92,19.59,91.72,34.45,2.808
kidneybeans,4.89,24.43,430.48,29.8,50.75,22.99,69.41,49.8,2.789
chickpea,19.14,18.84,596.38,45.2,63.64,35.9,90.48,44.13,2.91
cotton,5.99,26.65,709.44,89.47,57.48,49.13,161.76,70.47,4.735
rice,20.67,25.75,1051.7,118.96,32.07,51.89,141.94,75.14,7.129
mungbean,1.4,25.92,754.93,37.71,48.73,31.42,87.85,49.59,3.096
blackgram,12.85,31.79,1035.68,21.44,42.24,23.62,81.32,49.35,2.762
grapes,1.88,23.4,680.64,45.32,68.28,147.3,124.26,73.14,12.81
orange,13.82,24.93,973.72,50.5,25.5,72.48,134.58,45.7,10.49
pomegranate,15.27,27.91,610.06,35.35,26.68,60.14,86.05,61.49,6.187
muskmelon,7.14,30.88,400.2,108.22,40.72,46.06,115.49,40.99,12.15
mango,24.47,28.98,910.44,73.87,56.81,113.23,140.15,69.18,9.102
blackgram,7.09,30.15,711.11,26.54,55.92,39.22,85.14,47.35,2.55
mungbean,16.93,30.97,480.03,37.29,39.71,24.34,81.09,21.98,2.391
rice,24.52,25.82,2181.11,91.89,49.91,43.98,180.71,89.6,7.698
kidneybeans,10.3,22.44,408.1,40.27,74.21,31.34,96.23,43.48,2.934
apple,6.33,20.23,1057.38,100.89,73.45,124.3,172.81,76.28,6.845
mothbeans,11.49,27.12,536.81,24.96,21.19,27.08,97.03,44.02,2.514
rice,15.23,22.88,1943.42,94.45,38.32,50.07,181.17,63.07,7.307
cotton,19.79,26.84,719.68,66.73,43.14,34.0,119.71,40.3,4.017
lentil,14.78,23.09,317.57,19.85,67.73,17.58,86.28,47.73,2.867
orange,7.23,20.9,717.64,28.08,41.48,119.45,172.85,55.17,9.418
banana,12.91,24.57,1185.34,132.37,78.29,49.42,205.11,62.29,15.364
pomegranate,6.7,26.57,807.11,21.57,23.92,56.25,76.02,41.28,6.42
jute,1.27,28.97,1232.08,85.97,63.87,69.95,144.44,55.7,5.011
lentil,16.17,20.69,428.34,31.42,54.63,27.64,86.38,34.29,2.852
apple,5.4,19.74,1068.05,74.02,53.49,153.15,169.23,46.63,5.792
rice,22.57,29.19,1828.3,99.78,52.67,43.46,175.29,69.48,7.728
mungbean,3.27,26.92,879.21,44.86,62.02,22.77,93.14,48.22,3.128
muskmelon,3.01,28.28,642.24,97.47,40.19,50.58,180.07,64.89,12.778
chickpea,1.37,27.78,573.94,37.12,72.54,30.55,105.65,45.26,3.212
maize,29.94,29.33,991.3,62.91,52.22,60.83,187.77,52.38,6.731
mango,11.14,31.99,963.45,72.99,23.43,87.58,115.15,42.06,6.026
maize,21.59,27.04,909.91,81.59,53.67,37.95,113.68,61.59,6.488
watermelon,18.91,30.16,662.05,71.22,54.63,89.51,129.12,45.97,14.578
watermelon,3.03,24.14,691.07,97.47,57.39,48.14,148.89,71.77,14.692
watermelon,9.63,26.99,448.85,86.31,60.12,40.53,152.33,72.71,16.873
banana,14.8,25.63,1601.21,122.04,62.25,64.15,204.65,74.03,18.015
cotton,15.88,31.44,801.45,84.28,44.29,65.45,209.54,51.0,4.638
grapes,1.28,26.18,807.15,41.09,63.6,133.44,123.9,62.24,13.923
blackgram,14.97,29.45,781.09,16.39,35.24,35.63,75.72,34.82,2.461
lentil,12.7,27.05,496.41,31.62,49.81,32.69,51.54,21.7,2.175
jute,29.31,27.2,1748.34,61.39,49.0,65.0,173.23,70.54,5.653
papaya,6.45,23.56,936.67,68.06,52.35,72.98,122.27,57.76,22.866
mothbeans,19.64,30.49,572.01,32.81,42.66,18.17,41.62,24.69,1.792
orange,7.58,27.94,872.15,44.48,46.54,94.02,99.38,48.79,9.982
grapes,7.29,20.34,632.51,53.65,50.65,102.82,119.84,62.7,10.275
muskmelon,3.12,27.08,324.21,94.91,37.25,58.59,129.41,49.58,12.688
mothbeans,16.83,31.88,320.17,33.01,28.73,28.99,74.04,27.83,2.168
cotton,13.38,23.0,700.46,119.03,51.38,69.4,189.53,59.32,4.869
cotton,3.5,30.78,962.14,109.3,44.69,52.3,218.15,44.92,5.155
papaya,19.05,31.93,1276.4,48.87,44.52,76.14,204.7,67.42,21.644
orange,10.52,25.42,920.54,32.53,41.08,67.9,157.15,61.2,10.294
pigeonpeas,14.36,29.12,575.23,16.89,25.53,47.16,50.74,32.53,2.78
coffee,10.33,22.53,2040.8,81.11,27.01,109.46,230.06,47.05,5.331
watermelon,14.03,26.56,441.73,98.69,36.42,63.46,178.1,40.13,17.457
cotton,21.45,29.81,729.46,94.12,29.89,34.58,180.21,53.84,4.276
pomegranate,8.95,21.29,611.98,30.58,16.21,66.51,135.19,48.12,6.717
mothbeans,17.57,34.79,585.9,29.01,51.3,21.2,87.24,48.44,2.675
mango,28.37,25.34,823.75,33.66,35.65,63.14,119.47,39.84,6.849
muskmelon,3.35,29.19,610.89,108.53,63.19,57.3,92.94,46.53,13.367
maize,27.39,21.81,696.43,90.59,49.69,31.99,103.78,51.26,5.724
cotton,9.84,23.8,806.8,73.71,45.73,45.17,122.41,40.52,3.762
cotton,21.98,29.38,944.66,103.94,50.78,62.16,166.76,43.52,4.414
banana,7.35,25.33,1305.98,104.14,85.71,66.26,231.36,59.35,15.457
blackgram,12.56,29.2,999.58,36.31,58.75,18.64,104.21,55.8,3.146
coffee,13.4,24.03,2125.96,115.23,49.29,97.77,259.0,61.39,5.892
coconut,3.69,28.09,2144.08,31.71,18.45,57.83,94.24,85.2,9.525
blackgram,4.59,31.45,902.09,42.89,44.3,32.91,111.76,64.15,3.388
banana,10.88,25.03,1682.29,101.54,72.3,42.2,217.48,79.57,16.741
lentil,16.6,25.21,510.04,25.9,35.1,21.27,106.86,29.64,2.745
grapes,4.97,29.75,773.22,48.27,53.1,147.15,136.66,54.89,9.395
apple,14.69,21.15,1160.23,81.27,65.43,145.94,204.67,77.08,7.28
muskmelon,8.7,31.54,386.01,82.11,33.8,50.62,129.86,59.49,11.108
rice,13.33,30.94,2075.56,101.49,41.07,31.88,158.02,87.32,7.927
pomegranate,17.94,22.74,861.8,20.64,36.24,68.47,78.18,28.76,6.224
apple,15.53,18.68,753.31,109.09,69.13,133.71,198.47,74.8,6.864
pomegranate,16.17,29.58,837.65,21.14,42.18,58.88,151.34,45.72,6.23
blackgram,9.87,31.92,1098.13,44.39,47.69,17.02,75.89,38.32,2.719
coconut,23.23,26.9,2017.96,30.92,6.64,20.21,88.09,55.12,8.255
kidneybeans,14.9,19.79,747.4,35.71,46.7,26.02,103.74,35.88,3.057
lentil,17.71,27.69,596.86,18.6,63.26,31.19,67.02,50.94,2.634
grapes,7.81,23.58,978.67,84.76,41.69,99.2,130.09,70.79,10.879
banana,4.65,25.4,1630.79,95.88,91.53,39.9,234.88,83.51,15.864
blackgram,14.28,29.86,975.73,20.72,45.47,24.81,109.84,55.07,3.137
apple,9.23,20.19,949.94,86.41,78.0,130.48,156.65,57.19,6.042
rice,5.72,29.73,2026.59,85.26,66.75,43.18,204.48,94.46,8.121
mothbeans,3.08,29.65,448.56,31.69,34.5,17.96,79.94,38.95,2.441
maize,11.77,22.49,749.64,62.35,58.53,43.8,123.09,58.53,5.999
papaya,17.85,26.47,1796.51,47.63,45.75,98.76,195.81,81.34,29.561
blackgram,10.55,27.0,830.25,16.38,51.47,31.66,58.76,38.95,2.619
lentil,11.88,23.66,580.8,34.44,57.84,22.91,96.18,39.22,2.811
coffee,6.0,25.21,1308.69,128.66,26.59,98.64,133.52,73.13,4.335
coffee,12.5,24.08,1764.35,100.53,49.08,129.37,236.25,47.19,5.287
papaya,12.41,23.76,1182.66,53.06,63.08,94.7,191.52,60.47,22.647
banana,7.45,24.57,1327.78,125.23,66.4,46.73,258.4,73.2,15.427
chickpea,17.96,25.5,746.72,38.6,64.8,29.07,116.33,32.82,3.483
mungbean,17.76,31.65,526.61,21.21,42.49,24.69,104.73,43.84,2.929
pigeonpeas,28.74,25.15,541.44,35.8,29.11,41.35,102.58,52.46,3.336
kidneybeans,1.61,21.59,673.66,41.69,53.98,39.36,109.12,47.77,3.321
rice,15.34,26.07,1681.8,103.13,63.46,29.35,151.52,87.76,6.562
maize,12.08,23.26,755.01,71.04,69.29,33.85,147.99,52.17,6.369
papaya,13.13,26.11,1196.06,42.0,61.72,94.41,139.38,48.46,23.389
pomegranate,3.91,22.06,776.89,30.27,30.29,85.9,156.01,55.26,7.094
pigeonpeas,7.68,22.37,777.43,29.84,53.19,43.29,75.37,63.12,3.487
coffee,8.41,21.42,1479.83,111.15,53.64,133.8,207.89,63.84,5.191
banana,9.64,27.44,1560.89,90.03,80.26,45.73,193.47,80.18,17.662
watermelon,16.72,31.96,307.9,97.88,56.29,81.34,165.42,59.8,14.945
watermelon,17.51,25.39,618.27,91.4,45.77,49.01,189.37,62.92,16.457
lentil,9.93,18.28,570.36,25.31,68.22,23.1,81.65,29.01,2.346
mothbeans,18.48,29.87,465.01,30.88,50.5,13.24,44.9,49.78,2.287
rice,12.54,31.78,1129.03,117.75,30.46,44.46,141.48,80.96,6.577
kidneybeans,17.66,25.3,513.83,21.6,57.78,26.33,50.39,52.27,2.7
kidneybeans,1.83,19.45,494.7,22.48,62.14,25.41,53.45,38.08,2.581
orange,6.33,28.11,713.45,26.97,43.94,93.04,157.36,68.53,9.836
pigeonpeas,14.61,29.32,825.62,23.42,32.16,48.91,85.89,26.78,2.893
coconut,11.69,26.0,1857.13,21.18,32.39,41.37,201.23,65.61,9.763
orange,9.34,26.44,1127.28,51.07,43.37,102.7,90.28,54.0,8.892
watermelon,22.64,29.14,544.13,76.61,61.57,67.34,134.21,70.12,17.157
pigeonpeas,8.09,22.11,993.31,23.9,52.6,20.9,72.69,41.73,3.255
lentil,9.01,23.59,348.11,39.5,44.61,28.73,80.73,41.09,2.822
mango,26.5,29.2,1161.49,67.57,49.04,66.63,179.95,67.97,8.779
pigeonpeas,21.49,26.89,800.16,24.24,35.14,45.28,58.79,48.9,3.139
orange,5.15,27.96,841.19,27.88,30.6,116.7,138.55,60.4,9.694
banana,4.22,31.89,1798.67,123.19,79.47,62.2,265.52,73.18,15.973
maize,21.98,28.69,953.4,73.56,56.38,49.35,134.75,43.88,7.031
mothbeans,11.43,30.16,566.33,14.95,40.23,28.86,62.2,45.37,2.51
muskmelon,8.09,28.52,408.14,68.03,57.12,67.35,143.65,68.79,11.452
maize,20.55,26.74,805.4,83.51,41.92,58.71,225.35,53.66,7.471
jute,11.02,30.42,1903.54,88.35,69.0,52.12,132.51,72.11,5.377
papaya,5.95,25.9,1042.48,63.99,52.33,83.7,139.69,82.22,21.035
coconut,2.16,26.21,1362.4,27.66,27.36,45.2,199.16,56.21,7.859
cotton,1.41,25.34,576.41,73.1,55.55,54.13,121.17,57.27,4.132
banana,11.78,27.18,1300.51,83.79,93.75,45.87,166.51,65.01,15.119
blackgram,11.73,28.3,686.6,32.93,52.02,34.34,78.93,38.71,2.589
grapes,19.18,24.97,754.02,61.27,59.55,144.46,155.97,47.95,11.426
mango,6.31,27.44,925.68,62.45,47.62,91.58,141.12,50.17,7.907
orange,7.15,22.82,990.71,55.8,19.74,79.49,99.23,52.09,9.72
mungbean,15.73,29.08,522.12,39.16,42.51,37.65,94.47,22.19,2.615
blackgram,13.48,28.71,608.38,20.98,35.8,23.33,77.56,48.56,2.767
orange,12.19,25.16,1314.2,24.88,19.0,78.02,123.12,46.94,9.956
coconut,13.41,30.66,2023.86,19.37,24.28,58.07,88.28,82.64,7.34
chickpea,16.87,20.13,351.72,39.99,74.82,21.16,64.56,38.16,2.845
mothbeans,14.4,27.99,498.81,18.48,38.99,23.16,54.84,27.18,2.048
papaya,14.65,23.99,1599.6,56.88,62.42,106.2,103.31,74.37,22.352
coconut,21.13,29.76,2016.27,43.03,29.08,36.01,213.11,70.98,9.159
pigeonpeas,23.75,23.72,608.34,16.55,44.36,39.1,50.27,45.43,2.854
mothbeans,11.63,34.26,560.76,35.47,28.03,23.29,84.17,49.16,2.566
apple,10.64,21.51,836.24,102.94,64.94,112.86,185.13,67.54,6.44
orange,4.08,23.32,931.88,38.17,21.66,71.58,134.17,40.16,9.302
banana,10.63,30.84,1514.19,80.27,63.23,44.03,238.31,72.83,13.906
blackgram,9.11,31.14,902.45,28.47,42.86,21.13,114.11,39.78,2.933
orange,5.29,26.7,767.91,20.77,17.88,81.89,177.5,56.89,10.169
mungbean,17.6,24.37,549.8,19.2,58.98,27.81,110.75,34.65,2.901
maize,25.35,25.44,692.81,93.72,62.53,44.31,155.3,58.1,6.951
grapes,10.3,27.43,503.05,86.62,57.61,146.55,179.91,72.47,12.904
coffee,11.95,18.89,1903.53,95.87,28.16,147.27,220.75,65.75,5.306
banana,3.19,28.51,1548.94,83.53,78.91,63.56,149.45,72.93,16.855
orange,8.27,25.39,1192.34,40.18,19.91,65.37,123.89,71.92,9.715
maize,28.54,27.43,892.36,93.54,42.87,39.44,223.4,61.45,6.913
banana,12.78,25.65,1749.11,90.49,61.06,46.11,220.3,78.85,17.281
coconut,26.32,29.16,1251.93,10.99,21.76,31.3,163.54,67.38,8.947
papaya,4.94,28.04,1336.62,81.43,30.55,124.6,163.77,68.44,24.111
cotton,18.08,31.87,645.08,116.9,36.56,58.16,145.81,38.4,3.947
jute,7.97,24.59,1574.99,75.02,66.01,50.69,128.0,70.79,4.784
apple,7.74,23.19,957.02,82.99,49.73,107.02,112.4,67.32,6.117
mango,1.58,27.35,1273.98,75.73,48.52,87.82,177.44,36.38,7.347
apple,9.17,23.13,973.03,73.76,68.38,118.53,101.73,50.45,4.856
pigeonpeas,16.22,30.83,646.17,35.83,33.61,43.76,62.61,29.14,2.753
orange,9.56,21.65,901.66,40.4,44.28,70.31,141.21,65.13,9.398
maize,28.56,20.64,777.81,59.96,54.88,40.6,110.61,60.92,6.544
coffee,13.2,23.52,2182.99,94.71,36.13,144.63,154.42,70.54,5.183
rice,28.74,24.76,1753.95,82.11,51.9,55.83,251.58,71.87,7.984
coffee,2.28,25.18,2110.41,102.88,42.26,84.03,203.71,60.02,5.343
coconut,11.33,27.27,2428.5,12.19,8.57,51.59,156.92,55.14,8.807
coconut,10.07,26.59,2085.38,16.26,24.34,38.64,197.55,69.4,8.96
cotton,5.06,26.38,743.09,98.24,43.36,31.74,204.58,53.26,5.113
mothbeans,19.11,33.46,352.7,25.9,26.73,16.94,43.9,37.49,2.002
mungbean,14.4,26.65,518.83,18.84,38.94,30.64,52.62,58.41,2.645
rice,27.64,30.7,1366.99,95.72,31.46,46.77,128.87,92.85,7.138
papaya,12.22,29.3,1204.0,60.3,47.93,71.67,214.94,56.6,24.338
lentil,2.33,23.75,486.91,33.43,50.65,24.97,75.67,40.37,2.737
rice,23.82,29.16,1004.73,71.6,37.8,27.24,194.39,61.39,6.87
watermelon,11.82,25.66,561.89,84.01,60.1,59.82,176.65,44.96,15.342
coconut,13.31,30.96,1577.59,24.46,32.09,31.56,101.38,62.4,8.065
lentil,8.09,27.34,679.64,38.04,42.16,19.86,102.19,24.97,2.91
chickpea,13.31,18.69,683.77,38.32,72.22,46.34,106.88,38.06,3.275
cotton,11.85,25.44,502.82,118.93,46.23,46.09,165.25,36.62,4.225
blackgram,15.58,29.65,1051.57,21.88,58.59,29.33,74.69,31.24,2.729
papaya,17.62,26.05,1330.85,52.42,34.79,79.68,212.8,80.52,23.005
orange,9.07,20.51,1170.59,34.13,42.56,109.93,162.12,51.67,10.489
muskmelon,17.31,26.52,354.69,99.96,64.59,61.22,176.53,61.69,14.011
blackgram,18.37,26.35,660.16,28.2,43.87,37.1,52.93,52.19,2.526
chickpea,18.53,27.17,609.76,52.49,57.5,20.11,54.38,23.83,2.414
lentil,5.25,24.48,329.93,18.11,44.69,34.44,66.01,36.48,2.417
apple,2.84,21.61,721.57,70.2,77.6,141.36,167.42,56.94,6.352
rice,29.07,26.29,1332.15,95.58,38.46,60.43,170.56,83.03,7.159
jute,29.45,30.69,1371.46,95.97,62.94,42.77,142.45,77.01,5.146
maize,10.67,23.31,563.61,65.38,64.77,42.85,129.62,65.37,5.873
pigeonpeas,24.09,27.84,740.97,17.19,39.99,34.72,71.25,52.1,3.403
jute,28.51,28.61,1844.95,70.22,69.25,49.95,159.24,88.98,5.772
orange,5.04,27.83,1302.88,55.07,31.65,85.73,163.38,58.18,11.717
pomegranate,11.58,29.95,614.94,54.6,19.42,73.55,150.2,60.07,6.245
muskmelon,13.07,24.0,594.77,85.13,37.29,45.07,160.69,58.19,12.641
mango,23.55,25.52,951.1,76.82,43.93,92.33,171.57,65.6,7.68
muskmelon,9.44,30.53,357.47,76.78,39.38,76.4,165.93,50.96,13.979
grapes,7.45,26.95,970.07,57.52,41.84,109.44,128.7,74.65,13.301
maize,11.7,26.42,945.64,90.73,57.62,57.67,121.47,47.04,6.154
grapes,9.55,20.43,939.01,74.55,46.94,116.95,163.64,67.4,11.005
maize,12.81,20.68,957.6,95.85,59.03,52.31,137.07,72.34,6.773
mango,21.74,31.82,1139.69,64.61,35.73,105.08,170.89,59.61,7.494
banana,16.43,30.85,1140.5,134.17,88.95,49.86,267.26,59.22,17.72
lentil,3.89,24.96,478.46,26.43,45.55,30.76,68.52,23.07,2.211
apple,16.09,24.92,1188.24,110.43,49.33,156.83,197.8,52.43,6.679
pomegranate,18.13,21.18,412.17,46.0,27.69,73.8,139.99,32.2,6.174
pigeonpeas,13.67,25.4,624.91,36.1,35.01,48.95,63.83,37.79,2.858
pigeonpeas,4.67,25.95,693.41,26.2,36.1,36.63,74.91,31.9,3.441
watermelon,8.03,27.14,547.76,89.51,43.56,45.79,203.87,59.37,17.1
coffee,5.34,25.45,1771.21,95.35,42.41,103.98,160.4,53.45,4.739
cotton,12.01,30.85,886.41,91.58,58.25,46.97,194.57,41.72,4.52
lentil,12.03,18.81,473.84,20.48,65.92,26.12,83.4,32.61,2.672
pomegranate,6.31,25.69,520.13,52.85,45.11,67.28,112.88,45.03,6.032
chickpea,8.17,27.78,626.57,21.83,47.78,22.65,116.68,43.94,3.119
pomegranate,3.79,28.61,811.56,36.56,43.67,55.57,99.45,54.51,6.496
kidneybeans,9.98,18.57,759.14,36.93,67.81,36.86,105.41,40.11,3.379
muskmelon,3.83,28.27,569.41,82.81,35.42,55.99,175.44,36.21,12.179
mango,24.03,25.8,1267.92,65.54,53.98,60.52,97.04,51.49,8.039
grapes,19.73,27.34,532.59,56.13,66.38,133.78,171.65,63.38,11.173
papaya,3.42,30.03,1056.55,41.6,58.01,100.36,139.2,45.46,21.8
orange,13.35,28.75,812.04,56.17,38.16,78.2,179.78,62.48,9.7
grapes,10.18,20.67,843.05,79.05,46.88,146.16,93.37,44.65,11.112
pomegranate,13.68,23.71,885.17,50.79,26.07,51.87,90.83,33.19,6.122
mothbeans,12.28,25.26,262.39,31.81,27.36,26.41,85.0,17.08,1.916
papaya,5.67,23.38,1023.59,62.74,41.56,80.6,198.93,82.03,25.243
rice,28.86,30.96,1887.96,116.02,46.95,45.29,146.82,80.84,7.398
grapes,9.25,19.55,980.04,43.13,37.29,142.87,123.08,60.9,10.504
coconut,12.35,25.54,1300.67,37.3,18.38,57.23,165.71,51.41,8.605
blackgram,19.12,27.54,861.97,32.93,43.25,31.86,105.88,48.38,3.013
rice,11.69,27.01,1744.77,94.34,47.25,35.56,194.95,67.68,7.078
coffee,19.96,22.94,1639.38,92.27,56.23,137.48,233.57,66.57,5.557
pigeonpeas,3.85,23.0,881.69,17.57,22.74,46.11,114.04,60.26,3.702
lentil,17.53,26.82,342.95,32.23,40.45,32.15,104.57,35.92,2.944
rice,10.09,23.04,1825.0,89.12,64.66,61.76,238.87,71.28,7.973
kidneybeans,6.25,18.51,683.04,23.16,53.96,39.84,77.01,42.87,2.909
chickpea,15.8,18.86,426.3,35.94,72.91,36.86,77.14,54.24,2.856
pomegranate,18.15,29.22,566.08,21.77,22.41,55.4,72.01,27.85,6.499
banana,14.22,30.89,1580.78,112.13,67.5,35.2,230.6,65.14,16.785
maize,10.49,28.76,634.41,58.84,56.0,29.28,135.97,55.29,6.11
mungbean,1.47,27.44,841.67,22.32,55.09,32.11,49.26,26.12,2.379
jute,24.14,24.8,1363.52,104.62,35.81,69.17,145.26,80.18,5.224
lentil,14.51,26.16,421.32,44.78,66.8,27.14,91.98,38.34,2.809
kidneybeans,11.28,24.63,564.46,44.55,70.73,22.01,75.97,34.65,2.723
blackgram,2.79,30.94,953.92,39.9,64.28,36.05,125.47,34.44,3.133
banana,19.27,24.68,1652.5,135.98,64.05,53.37,269.9,88.61,17.389
rice,3.05,23.77,1169.24,107.18,33.49,57.92,232.93,62.8,7.071
muskmelon,19.95,26.8,304.89,66.28,49.37,60.49,184.0,56.96,13.454
grapes,8.41,29.33,850.41,88.29,64.62,137.2,169.82,62.61,11.22
jute,5.4,24.93,1939.05,70.43,47.9,48.24,114.93,55.72,5.033
kidneybeans,15.57,18.8,694.09,32.53,60.14,29.99,73.51,49.86,3.037
banana,6.84,28.93,1094.05,82.29,79.72,45.01,214.61,64.14,15.626
banana,17.01,30.96,1178.65,123.13,78.1,69.42,153.25,74.18,14.768
grapes,13.17,24.55,562.01,59.64,45.97,139.28,131.67,68.75,9.914
chickpea,18.47,19.03,352.75,49.92,66.11,30.66,91.68,27.82,2.773
blackgram,6.25,31.72,732.3,27.9,47.98,21.33,112.06,57.01,3.095
orange,12.58,21.72,1080.35,50.62,33.23,112.09,90.97,50.24,9.469
cotton,27.42,26.05,724.37,82.51,26.33,41.71,114.72,39.09,3.698
chickpea,15.79,27.84,613.82,40.65,72.24,27.65,54.65,37.85,2.781
mango,17.83,25.79,872.11,60.77,24.95,88.19,105.58,64.89,7.938
maize,19.51,23.93,545.92,55.21,37.77,45.91,130.02,66.1,5.937
orange,2.87,24.41,1325.6,36.98,34.78,112.39,103.26,70.78,10.231
maize,24.95,29.97,887.53,97.99,48.66,27.64,203.05,58.89,6.808
cotton,30.0,29.69,768.68,75.29,36.25,50.61,165.05,35.55,3.967
rice,6.95,26.76,1116.38,112.96,61.73,60.74,244.0,71.83,7.557
orange,1.43,23.04,1315.76,47.62,21.02,89.45,152.19,72.49,10.405
pigeonpeas,13.65,23.68,982.25,18.44,45.96,39.68,62.62,39.61,3.018
coconut,4.14,29.13,2452.39,41.78,22.16,35.05,161.29,82.64,10.199
lentil,8.76,22.32,553.26,42.8,67.65,24.79,66.4,35.79,2.874
rice,6.68,27.5,2194.62,99.41,43.24,46.49,129.02,66.2,7.005
watermelon,22.43,27.62,653.87,111.36,39.72,45.95,174.98,58.61,16.241
cotton,19.41,29.35,621.61,112.56,38.28,40.85,123.41,67.17,4.093
chickpea,15.79,22.15,459.4,20.55,51.2,29.37,62.47,20.71,2.576
rice,18.77,28.68,2096.87,92.85,58.78,50.61,230.29,91.39,8.177
rice,7.76,27.73,2175.3,88.96,31.4,30.71,136.71,76.21,6.495
grapes,12.84,24.17,893.54,72.94,56.05,137.07,97.51,64.18,10.519
papaya,15.46,23.93,1465.26,53.39,43.89,82.0,187.63,82.93,24.891
watermelon,15.92,29.37,527.4,84.39,32.25,57.51,121.13,61.48,15.619
jute,25.54,31.94,1536.13,108.83,61.06,48.11,211.23,68.8,5.31
watermelon,6.14,29.59,584.01,110.07,46.65,49.59,176.78,38.21,14.44
mungbean,11.26,26.69,519.23,37.66,64.72,23.03,64.17,30.71,2.364
lentil,19.42,23.84,618.47,34.04,49.96,16.43,91.65,44.51,3.123
apple,7.58,18.15,782.74,106.26,69.78,144.31,138.06,76.15,6.402
pomegranate,6.14,23.64,557.22,21.3,20.17,106.17,103.79,40.33,7.106
pomegranate,6.03,23.37,667.43,17.87,28.61,98.88,77.32,53.05,7.06
pomegranate,17.64,20.55,519.77,39.86,39.58,98.07,101.03,38.87,6.405
watermelon,3.06,25.41,387.67,111.16,43.95,89.52,116.47,61.14,16.371
maize,24.98,20.23,539.57,73.51,67.12,40.93,215.38,53.5,6.13
mothbeans,19.93,27.31,569.5,37.54,34.74,17.6,62.86,49.63,2.317
orange,1.01,27.86,816.32,57.0,16.54,109.25,145.66,44.99,8.492
cotton,13.52,31.15,596.7,112.58,53.56,34.16,163.8,61.15,5.1
blackgram,7.51,27.13,957.87,20.98,63.42,39.94,115.51,40.49,3.038
blackgram,8.01,30.0,855.13,21.03,60.51,23.5,58.22,44.56,2.466
lentil,10.08,22.22,326.73,32.79,42.98,30.94,48.3,54.35,2.825
rice,2.47,26.49,1205.97,77.38,53.48,45.23,224.0,91.23,6.891
coconut,23.41,26.63,1842.54,16.91,30.83,52.92,206.3,85.1,10.317
rice,20.82,31.62,1359.03,115.67,30.91,29.16,142.66,70.93,6.403
coconut,10.75,27.76,2026.68,21.0,10.36,58.65,107.26,59.31,9.978
coconut,3.05,28.02,2335.77,10.11,18.12,43.37,153.71,79.31,8.749
mothbeans,2.1,31.77,349.09,12.08,41.23,28.31,71.04,15.2,1.789
pomegranate,3.62,27.36,622.72,52.75,38.25,81.88,125.66,26.62,5.93
jute,17.05,31.89,1983.82,80.24,51.89,34.02,162.66,75.99,5.487
chickpea,19.56,24.5,729.97,22.65,55.78,20.26,118.68,51.6,3.44
pigeonpeas,23.53,25.77,651.67,21.92,59.84,17.23,116.16,50.58,3.321
jute,16.57,30.11,1957.62,70.71,45.65,43.93,175.0,59.77,5.247
watermelon,16.8,24.7,536.97,80.87,32.2,40.19,138.97,58.58,16.183
muskmelon,3.98,31.8,590.45,73.35,43.0,64.01,164.75,67.4,11.563
jute,4.71,25.7,1825.54,92.99,35.83,61.54,209.14,85.82,6.278
watermelon,8.81,26.74,638.14,101.04,41.15,45.93,169.39,64.58,17.206
orange,6.94,29.92,810.08,31.94,47.23,117.8,102.88,70.22,9.172
grapes,1.11,27.01,786.55,44.71,67.65,134.34,105.98,73.74,11.302
pomegranate,16.06,20.39,424.28,39.81,35.71,99.87,119.23,62.97,5.919
pigeonpeas,12.61,31.81,904.35,20.87,36.67,30.08,78.97,44.82,3.084
coconut,14.81,30.61,1277.33,17.53,22.57,27.82,175.13,58.56,7.735
pigeonpeas,19.18,26.27,755.16,35.37,20.81,32.61,118.48,53.37,3.646
banana,17.46,31.38,1401.15,92.16,82.41,54.21,272.23,70.37,16.719
apple,9.05,21.33,1000.31,100.44,67.58,141.87,112.4,55.67,5.864
chickpea,12.29,20.45,648.27,22.96,68.23,37.7,57.75,22.78,2.615
muskmelon,4.76,26.98,612.1,86.35,36.11,62.82,152.59,69.06,13.797
apple,13.63,25.73,1027.08,114.95,79.69,138.51,193.87,46.12,6.267
coffee,4.49,24.0,1603.83,71.57,58.56,90.59,191.47,53.69,4.926
blackgram,18.05,30.59,692.1,17.74,40.08,34.59,123.11,62.39,3.369
mungbean,13.09,27.43,881.07,36.16,35.04,15.58,93.32,36.51,2.749
muskmelon,15.97,25.56,541.25,77.93,50.87,75.4,124.71,42.57,12.84
jute,18.79,24.6,1666.05,66.17,68.23,55.87,166.68,61.92,5.154
pigeonpeas,28.79,29.92,778.32,48.03,27.16,46.51,129.96,51.61,3.891
blackgram,14.76,25.27,997.95,32.49,39.49,36.71,84.14,36.18,2.631
jute,19.48,31.69,1542.91,118.4,58.37,54.29,128.45,57.2,5.178
muskmelon,5.66,26.3,544.91,72.32,41.39,86.89,162.93,60.76,14.134
chickpea,18.5,18.08,372.46,34.6,65.28,34.28,112.83,21.54,3.101
rice,5.55,22.12,1297.54,124.84,61.89,63.79,134.11,80.73,6.596
muskmelon,9.8,25.89,496.26,72.51,48.51,65.81,168.05,43.4,10.985
lentil,3.35,22.1,522.77,42.92,36.27,30.54,74.75,20.71,2.296
papaya,5.94,27.56,838.99,85.63,52.02,107.37,187.92,56.37,20.04
orange,10.93,26.98,1069.77,36.71,17.99,67.56,156.03,35.99,10.043
orange,6.79,28.91,984.8,32.07,40.94,62.28,134.88,53.01,8.933
mothbeans,14.99,29.6,325.42,32.36,24.59,14.96,77.61,41.15,2.297
mango,3.8,31.22,1064.62,40.12,32.24,94.75,97.68,64.98,7.578
mango,27.85,30.35,1289.37,54.39,56.01,89.18,173.03,63.1,8.244
papaya,7.86,24.59,1267.48,59.6,34.64,115.11,137.66,55.91,22.846
maize,24.8,25.81,756.86,85.49,43.84,49.07,103.99,60.84,5.564
coffee,2.44,23.06,1320.41,109.27,36.71,130.27,127.31,64.43,4.433
pigeonpeas,9.35,29.24,533.2,49.5,53.42,18.11,51.9,27.25,2.537
blackgram,9.89,30.87,831.46,27.43,38.11,24.06,81.76,36.32,2.662
jute,6.95,31.01,1586.98,110.44,68.54,46.89,183.59,62.94,5.316
watermelon,17.76,28.87,520.06,102.49,61.6,80.01,198.91,45.34,17.122
mango,10.64,30.96,1089.38,41.31,31.55,68.19,171.86,36.76,7.795
orange,19.73,22.09,838.68,42.95,32.43,94.83,117.67,68.07,10.002
jute,12.69,30.47,1435.02,101.09,60.42,63.78,138.39,80.97,5.499
kidneybeans,11.98,20.54,501.23,44.64,51.21,34.76,60.26,53.15,3.027
papaya,19.7,31.05,1042.29,85.51,30.52,121.2,122.0,62.02,26.359
cotton,8.68,28.1,602.7,113.3,57.54,33.99,112.89,39.61,3.535
mothbeans,12.18,30.77,356.62,31.29,50.87,26.16,53.98,34.04,2.099
maize,21.42,21.5,953.64,72.72,36.81,28.33,159.49,36.6,5.999
watermelon,6.71,31.85,413.89,81.83,60.05,52.15,143.31,63.59,15.703
maize,7.29,22.75,700.65,84.1,35.03,31.47,112.16,56.99,6.351
jute,10.07,29.24,1697.44,99.73,48.2,43.46,142.18,88.29,5.583
banana,19.7,30.46,1178.26,108.25,84.06,58.66,204.83,72.93,15.587
maize,11.97,23.02,838.69,107.78,62.22,44.45,157.29,71.31,6.478
jute,16.22,28.92,1358.54,113.74,41.65,65.38,191.56,63.43,5.417
grapes,3.32,28.23,877.14,80.99,53.41,149.77,94.86,54.04,11.511
pigeonpeas,12.22,22.36,705.27,28.82,20.16,44.65,61.51,45.04,3.007
chickpea,10.33,18.17,459.69,53.44,54.47,25.44,63.13,36.77,2.964
coconut,11.84,28.91,1341.27,10.48,12.45,38.26,135.17,82.41,8.651
pomegranate,7.51,29.99,551.35,16.06,32.95,55.02,87.41,64.7,5.689
orange,16.9,27.69,1173.31,30.54,31.76,80.13,103.49,35.41,10.149
banana,2.91,30.61,1006.47,116.48,69.08,66.37,239.06,57.08,16.853
papaya,7.85,24.06,1007.35,41.23,28.72,85.98,198.4,66.07,21.041
mothbeans,8.25,25.39,460.1,12.77,38.99,28.8,65.42,25.48,1.913
papaya,14.25,28.35,1007.64,68.16,60.28,110.01,156.61,57.86,21.368
coffee,3.91,25.19,1201.85,114.47,23.49,123.26,206.93,75.2,5.246
mothbeans,17.62,26.66,536.88,10.96,33.77,31.77,81.33,33.65,2.272
jute,19.81,25.54,1567.1,92.01,46.68,40.07,116.82,79.72,5.018
kidneybeans,15.83,22.34,464.15,26.65,49.03,24.07,78.01,28.92,2.719
chickpea,1.47,23.55,603.59,23.71,49.21,32.57,117.64,40.86,3.234
lentil,15.43,21.2,315.24,42.76,69.72,18.18,89.57,34.88,2.751
lentil,16.44,20.26,361.25,35.7,51.4,32.09,94.44,30.34,2.586
pomegranate,19.43,23.14,660.1,34.21,40.08,93.82,132.91,33.06,7.001
papaya,5.67,25.08,827.18,87.93,53.4,108.13,189.28,66.26,27.642
apple,3.72,25.63,772.49,96.09,51.89,104.58,124.28,46.92,5.323
banana,3.36,26.65,1544.79,117.54,88.49,36.64,164.41,56.7,15.584
apple,4.74,25.46,1069.62,81.53,48.9,156.94,113.46,54.0,5.894
grapes,4.43,19.7,682.72,61.41,67.67,138.53,141.05,74.05,10.981
pomegranate,17.45,21.41,583.05,16.95,16.04,109.38,109.35,39.22,6.357
maize,19.73,21.92,531.77,92.69,38.87,29.25,196.19,37.21,6.754
apple,11.12,20.55,1100.34,75.52,55.54,105.82,125.7,65.53,5.842
pomegranate,13.09,22.53,625.02,53.0,30.36,104.03,146.88,38.77,7.026
coconut,27.14,30.05,1889.78,37.61,32.79,20.93,137.69,58.17,7.517
lentil,17.85,23.77,346.53,15.08,52.39,38.73,82.22,33.05,2.547
chickpea,1.83,19.54,623.22,46.07,74.03,29.77,75.93,36.43,3.142
lentil,10.04,25.14,335.74,40.46,39.46,21.56,109.58,26.66,2.832
mango,13.49,31.48,1472.08,68.38,29.7,102.96,82.04,63.92,8.051
coffee,9.54,18.91,1767.55,81.13,47.16,84.98,256.63,68.96,5.692
mothbeans,12.6,34.87,280.95,39.24,27.14,25.58,65.21,28.44,2.047
coffee,16.29,21.1,1488.33,110.95,25.59,93.99,121.03,72.54,4.629
blackgram,9.48,31.62,925.4,18.48,61.55,27.23,61.33,35.34,2.387
lentil,7.77,23.19,605.51,16.63,37.52,24.41,59.53,33.11,2.539
pomegranate,12.99,21.54,581.9,43.97,37.11,61.27,145.83,27.13,6.024
jute,14.91,31.82,1579.9,67.86,36.81,67.82,131.9,72.64,4.868
papaya,11.88,27.19,1322.63,78.2,56.97,99.53,171.95,82.25,25.997
mungbean,19.99,25.8,540.26,28.26,44.41,32.3,78.66,28.84,2.489
apple,19.38,24.71,771.05,96.32,50.95,149.09,170.1,54.22,5.826
pigeonpeas,6.77,23.8,874.36,44.03,47.97,15.91,70.8,58.6,3.238
maize,1.0,20.59,849.23,99.16,60.12,51.52,191.96,64.58,6.097
pigeonpeas,28.3,27.91,980.6,29.0,20.09,42.34,116.19,27.35,3.364
rice,16.71,22.53,1750.1,117.72,45.74,34.8,226.95,60.84,6.783
cotton,9.68,29.04,702.22,96.0,59.94,69.38,161.51,57.95,4.583
lentil,15.79,20.69,561.56,19.44,52.34,15.07,57.58,42.11,2.693
chickpea,8.98,24.43,453.54,34.25,63.41,32.09,52.16,27.79,2.547
maize,13.27,21.36,664.87,76.63,55.41,35.98,171.54,71.32,6.963
banana,6.9,29.56,1116.59,126.37,66.46,56.73,251.89,68.49,16.09
apple,13.48,23.22,1165.85,118.22,59.93,137.02,196.34,45.04,6.11
cotton,22.35,24.22,725.61,87.77,53.92,57.35,177.18,60.99,4.654
kidneybeans,8.99,23.35,735.27,31.98,64.2,19.43,52.6,52.71,2.989
grapes,11.06,29.91,926.31,75.76,35.79,84.79,177.34,53.18,10.458
cotton,21.97,27.45,635.37,79.67,57.75,54.97,157.11,59.84,4.506
apple,7.91,24.55,1022.3,73.86,49.98,154.01,206.14,78.31,6.441
coffee,14.7,25.63,1675.25,128.59,40.43,123.5,214.38,62.14,5.181
cotton,2.37,29.11,643.45,99.1,46.95,39.07,152.85,68.43,4.949
coconut,27.92,25.19,2199.96,42.19,16.82,22.92,192.65,83.71,10.128
kidneybeans,10.31,19.01,680.77,34.38,55.27,23.91,67.27,58.67,2.941
grapes,9.45,24.56,573.37,56.81,69.57,81.14,139.78,69.49,12.408
papaya,16.2,24.52,1545.57,67.85,32.0,113.09,185.65,65.62,21.053
maize,3.18,29.91,587.39,69.04,43.26,61.32,199.28,53.29,7.05
papaya,12.72,27.79,1751.86,89.77,58.5,118.32,143.93,68.19,25.714
apple,14.36,23.07,1190.9,101.02,61.71,145.69,208.4,70.22,6.465
blackgram,3.35,31.42,798.79,24.03,49.66,31.57,126.45,40.03,2.925
mango,12.28,25.72,1150.14,67.78,30.3,109.61,172.75,55.91,8.595
jute,24.97,24.59,1208.6,67.38,40.46,65.16,151.0,64.62,5.075
pomegranate,19.45,24.59,563.51,16.9,16.29,73.57,153.02,54.23,7.281
mungbean,5.07,28.66,577.31,34.11,54.17,19.49,96.43,38.28,2.972
pomegranate,3.1,26.2,520.82,37.77,35.66,100.97,60.47,59.13,7.261
lentil,14.52,22.32,636.53,17.67,61.24,24.05,81.79,51.25,2.925
papaya,12.27,25.95,1327.12,42.46,27.61,94.88,140.19,69.63,24.701
apple,19.86,18.61,1028.98,83.65,49.4,108.93,212.37,68.93,6.81
mothbeans,13.37,29.9,545.52,37.15,36.87,34.54,44.32,24.67,1.991
mungbean,6.09,26.59,560.53,41.33,58.17,33.37,45.95,37.1,2.626
apple,7.58,22.07,1187.13,90.87,73.26,131.56,126.88,65.31,6.536
lentil,7.44,20.28,375.51,37.9,68.3,18.5,107.38,40.82,2.908
coffee,5.02,18.77,1782.88,86.96,56.52,122.94,170.35,79.46,5.087
papaya,1.11,27.97,1512.53,40.69,55.5,109.09,132.97,72.56,24.245
mungbean,15.78,30.6,504.67,31.18,66.5,24.8,75.09,59.39,2.989
pigeonpeas,3.31,26.05,933.1,43.14,23.3,20.6,81.38,29.06,3.035
coffee,17.34,18.92,1821.71,104.04,46.75,126.97,254.33,57.13,5.624
mothbeans,14.13,32.21,430.54,31.28,45.29,11.66,53.36,15.45,1.802
mungbean,5.11,29.47,413.56,31.7,49.84,20.98,81.42,28.69,2.367
coffee,16.56,21.64,1318.86,104.15,26.26,84.27,189.81,67.94,5.09
mango,8.99,24.75,852.58,61.94,45.14,85.26,89.02,50.17,7.47
maize,16.36,27.42,795.37,90.94,45.48,34.65,141.92,41.22,7.086
coffee,12.51,24.94,1803.11,94.75,34.97,109.81,211.27,75.36,5.23
cotton,4.74,24.4,767.29,114.98,35.52,40.58,148.79,73.71,4.564
pomegranate,13.95,20.5,465.6,40.53,22.33,63.54,137.91,36.44,6.604
jute,26.92,31.42,1597.44,78.4,51.89,38.77,157.39,63.03,4.778
maize,19.15,23.61,756.37,95.52,66.02,61.84,165.47,55.81,6.404
apple,2.63,22.88,771.43,94.66,53.39,103.19,109.6,76.88,4.473
orange,16.34,23.55,987.24,26.72,40.93,107.08,93.67,50.74,9.421
mungbean,7.61,30.06,632.62,41.05,60.72,39.35,107.2,30.18,2.82
jute,2.71,26.43,1537.02,70.79,49.73,32.85,113.59,78.4,4.982
grapes,15.53,25.62,776.79,67.96,45.64,82.16,138.04,47.51,11.157
maize,29.63,28.79,598.48,98.27,56.03,46.39,166.81,69.14,5.693
muskmelon,17.67,24.2,409.49,67.86,64.15,55.6,110.13,56.73,12.699
cotton,18.47,25.78,894.95,63.87,33.89,39.2,218.24,63.24,5.443
chickpea,16.23,20.39,689.76,22.0,69.03,47.83,104.05,44.43,3.525
chickpea,3.61,21.19,686.17,53.2,69.66,20.02,89.76,25.83,3.011
pigeonpeas,16.01,26.91,764.87,36.46,37.38,19.61,60.05,63.09,3.548
pomegranate,14.52,28.58,491.9,15.03,35.95,71.23,72.38,32.45,5.181
banana,6.67,27.01,1794.0,90.57,58.08,55.64,143.4,61.32,12.592
pigeonpeas,27.95,22.94,997.13,45.8,23.73,37.97,52.73,55.81,3.173
muskmelon,10.39,26.4,490.89,77.98,37.85,47.07,125.22,59.9,12.79
muskmelon,7.7,27.52,587.35,71.37,48.42,54.45,90.31,59.16,13.69
orange,2.26,22.43,910.6,36.97,31.56,77.49,159.05,43.93,9.189
banana,15.14,30.85,1759.07,91.58,61.62,55.52,202.9,74.98,15.18
blackgram,9.96,26.14,1093.85,27.69,46.14,15.87,64.26,58.32,2.809
rice,25.5,28.31,1646.03,124.84,62.05,60.3,259.42,74.12,8.18
watermelon,1.49,31.11,386.95,101.24,49.97,71.28,167.61,63.62,15.625
papaya,10.63,24.34,1246.8,67.15,35.69,106.75,108.42,58.46,21.411
mango,25.73,28.58,871.06,75.0,33.71,62.34,129.46,39.34,9.261
cotton,15.9,22.75,839.51,102.99,43.33,61.75,136.03,43.08,4.501
maize,19.64,21.25,897.96,80.68,46.35,57.96,144.64,59.87,6.82
coffee,9.29,22.63,1717.51,110.86,40.31,145.84,179.92,45.56,5.008
coffee,5.03,22.72,1547.31,106.59,30.7,119.83,121.15,58.11,4.468
kidneybeans,3.96,19.03,724.75,39.56,67.16,39.01,68.94,53.93,2.921
kidneybeans,4.4,20.41,443.32,20.66,73.14,31.67,114.48,33.99,2.829
pigeonpeas,1.16,30.57,931.6,18.81,26.09,30.68,64.86,54.43,3.308
cotton,17.86,26.29,736.88,64.16,30.19,67.41,108.19,58.61,4.114
orange,16.94,29.9,799.12,37.93,28.74,64.8,155.53,52.35,10.665
kidneybeans,6.55,20.7,581.75,36.08,57.84,36.78,97.58,54.35,3.111
coconut,17.05,27.38,2080.91,35.4,22.01,50.34,217.68,66.77,9.712
cotton,23.7,30.57,880.03,102.19,25.35,55.04,114.46,37.35,3.814
orange,12.9,29.12,805.7,56.54,46.59,109.75,143.13,59.81,9.91
mothbeans,12.82,30.23,437.7,10.45,37.48,25.59,79.52,26.62,1.955
grapes,6.41,22.26,661.04,84.91,54.7,144.34,122.99,44.02,12.301
cotton,26.73,23.89,609.97,101.2,28.11,59.29,132.18,61.44,3.923
chickpea,15.69,20.43,687.13,40.55,56.82,36.69,87.3,52.37,3.28
maize,27.53,23.27,852.39,93.18,43.89,27.55,150.05,47.69,6.051
chickpea,12.65,18.89,559.99,28.31,65.45,42.43,109.37,54.73,3.211
apple,5.03,25.39,918.99,101.95,45.08,159.6,133.71,47.17,5.868
rice,17.04,31.36,1936.36,98.76,45.05,64.47,220.49,93.29,7.894
muskmelon,13.4,31.94,699.77,85.82,33.33,77.75,187.67,46.14,13.869
cotton,22.27,22.32,784.99,69.26,57.94,36.69,175.2,48.05,4.337
jute,12.72,27.79,1295.37,68.05,44.73,42.19,151.35,76.38,5.169
papaya,15.23,29.01,1720.4,60.4,40.59,79.66,133.09,80.19,26.027
blackgram,6.48,29.87,974.99,25.39,38.72,16.02,112.19,47.14,3.166
blackgram,15.97,31.07,977.82,44.29,35.51,30.49,59.31,61.86,2.992
grapes,18.11,28.0,987.0,71.46,42.95,107.27,172.71,45.49,10.564
grapes,6.05,21.29,627.36,46.75,68.03,108.14,114.72,69.63,11.538
coffee,4.93,21.38,1376.14,78.08,54.41,102.43,170.51,46.93,4.78
pomegranate,12.44,22.96,530.09,52.86,40.47,57.61,153.77,48.29,6.066
coconut,21.01,27.14,1287.48,24.1,12.82,33.0,102.81,76.35,8.057
apple,8.47,25.0,1187.8,113.64,51.73,113.25,178.73,55.12,5.723
mungbean,19.24,24.82,420.54,22.38,37.29,26.38,81.13,32.5,2.418
cotton,15.55,25.94,796.82,80.98,33.4,67.12,211.34,54.85,4.783
apple,3.92,25.35,1146.29,114.34,61.77,110.24,190.53,58.6,6.859
mothbeans,3.84,30.97,460.93,20.21,50.09,31.14,46.54,39.33,2.174
pigeonpeas,15.83,27.82,945.43,18.74,33.54,38.08,128.39,58.93,3.733
muskmelon,9.99,24.72,462.49,80.18,52.69,69.73,177.48,35.57,12.135
maize,27.01,24.76,530.17,100.22,57.69,56.27,155.66,60.52,7.597
cotton,26.41,23.36,660.08,82.1,43.8,41.87,107.28,49.76,3.875
cotton,27.17,29.96,973.45,99.12,48.2,49.2,208.62,55.44,5.281
pigeonpeas,6.38,31.54,741.55,39.32,24.84,36.35,94.43,62.28,3.444
apple,10.65,21.66,1108.12,115.54,72.54,134.97,164.97,67.56,6.603
banana,13.4,29.74,1231.91,97.74,62.29,54.52,268.7,86.36,14.734
kidneybeans,8.5,20.55,643.5,32.43,57.27,30.04,115.48,41.37,3.336
muskmelon,15.47,28.64,630.97,81.31,55.84,52.7,189.95,41.08,13.901
maize,20.16,29.89,834.73,83.88,53.23,40.08,177.97,73.35,7.126
banana,1.27,29.54,1122.95,101.08,68.4,52.91,260.37,60.23,15.888
mungbean,17.07,28.93,671.18,19.96,43.86,19.01,104.64,43.37,2.86
orange,6.79,25.19,1081.4,46.42,30.07,73.07,166.68,48.84,10.278
jute,9.59,27.26,1309.46,94.49,69.92,58.04,171.43,68.73,5.292
kidneybeans,9.65,24.63,501.6,41.61,72.24,38.99,62.67,33.6,2.36
blackgram,2.61,30.32,720.25,23.48,40.45,39.37,112.48,62.55,3.4
orange,9.98,25.93,975.34,40.17,18.7,70.06,120.11,71.6,11.138
papaya,16.03,28.97,1729.3,80.16,33.76,92.89,141.99,65.2,21.753
rice,29.31,27.45,1211.76,100.18,55.83,58.13,233.7,61.72,6.939
mungbean,7.22,26.74,544.27,39.52,36.58,23.99,94.82,36.27,2.809
mungbean,10.5,24.21,564.12,35.34,38.81,16.57,90.65,35.91,2.562
watermelon,18.94,27.28,673.61,70.35,42.06,62.02,156.38,64.95,18.286
mungbean,8.45,30.83,607.01,32.12,35.02,31.12,95.27,42.68,3.186
muskmelon,3.06,25.92,409.56,61.64,39.78,53.68,127.86,48.48,9.927
lentil,13.15,23.23,686.34,29.17,62.43,31.45,78.68,21.47,2.54
chickpea,11.56,20.97,481.91,52.62,65.46,49.24,79.18,38.81,3.406
watermelon,14.47,31.85,575.15,102.28,53.72,81.52,152.2,54.9,15.698
grapes,18.3,20.43,771.04,75.07,68.35,122.7,118.06,61.89,12.155
apple,13.86,19.35,1107.9,85.57,48.27,145.94,184.6,75.93,6.535
mothbeans,4.48,33.11,433.21,28.78,32.52,11.72,91.37,21.72,2.176
grapes,8.33,20.36,630.95,71.35,48.59,104.18,148.73,67.02,11.389
apple,4.32,24.25,890.78,71.76,50.87,124.7,186.15,57.72,6.994
mungbean,17.4,24.02,503.99,35.19,44.93,18.54,50.74,45.52,2.648
cotton,28.88,23.78,599.77,111.54,56.94,38.49,156.38,64.34,4.579
maize,23.6,26.42,889.5,62.4,53.76,45.57,211.48,53.51,6.862
maize,26.25,28.35,504.98,77.51,63.98,25.01,169.37,45.38,6.335
papaya,17.08,23.08,1669.13,42.78,40.67,118.01,148.91,77.89,25.011
jute,22.85,25.08,1939.72,88.83,44.09,39.66,131.81,67.84,4.775
mango,22.43,29.72,913.28,57.8,54.21,74.97,153.6,68.39,7.206
coffee,14.36,22.74,1613.17,90.18,52.17,125.81,148.1,66.35,4.789
watermelon,1.67,29.78,462.74,78.43,47.93,56.17,147.16,47.62,15.671
apple,15.71,21.51,1129.3,104.87,48.3,158.54,191.34,72.51,6.725
maize,18.17,26.72,895.92,90.78,48.87,62.4,194.42,56.11,7.236
banana,10.66,24.6,1512.68,109.96,63.2,65.72,180.79,64.96,16.757
jute,11.72,25.12,1484.76,86.8,45.83,36.61,144.81,71.83,4.727
orange,5.1,22.56,1355.14,23.26,29.51,94.61,103.03,46.24,9.319
orange,3.13,28.63,700.86,40.33,32.13,79.99,123.13,66.22,8.751
mango,5.2,26.7,817.26,44.33,29.57,107.21,114.55,52.34,7.982
orange,11.5,21.98,1291.31,53.41,30.04,118.0,177.98,40.17,11.651
cotton,29.38,23.04,636.0,92.82,54.53,50.26,107.15,40.09,3.772
mango,14.18,30.18,1144.46,43.97,50.18,91.06,97.75,54.71,7.153
apple,14.57,23.72,1145.18,99.77,78.85,107.15,175.84,70.09,6.91
lentil,17.75,26.88,301.03,34.24,38.28,35.25,102.17,41.58,2.98
coconut,25.56,27.18,2104.57,30.62,15.42,31.06,171.38,55.34,8.374
pigeonpeas,14.04,29.39,617.62,43.33,20.61,46.78,126.0,25.1,3.609
mungbean,16.01,31.92,663.29,28.55,47.01,39.33,78.83,27.12,2.685
jute,2.5,30.05,1480.03,83.36,43.65,64.37,135.68,62.36,5.039
maize,15.75,23.09,995.55,57.58,55.37,43.46,109.95,43.56,5.228
apple,9.11,22.16,739.96,93.13,67.81,136.85,106.52,48.34,5.094
rice,20.68,30.86,1920.25,107.71,36.1,27.92,206.05,77.51,8.227
orange,2.91,22.65,1292.53,27.18,29.47,86.99,104.53,63.41,10.782
cotton,25.54,22.32,874.99,82.92,45.95,39.91,118.65,56.34,4.257
grapes,1.23,20.67,688.54,65.34,46.96,125.43,114.9,40.89,10.714
mango,13.13,28.83,1464.66,56.92,49.25,108.42,91.35,57.86,7.556
pigeonpeas,3.44,24.44,921.79,40.5,45.97,38.46,111.03,27.32,3.177
orange,10.45,26.73,961.83,34.74,16.11,85.43,120.84,43.99,8.156
maize,25.73,27.51,814.11,104.92,53.19,50.33,153.51,48.1,6.363
chickpea,1.9,20.87,405.92,35.44,57.43,35.66,69.57,21.12,2.814
mothbeans,2.0,34.46,387.37,37.72,40.26,10.12,42.31,38.81,2.048
lentil,12.96,18.55,686.77,20.23,35.93,15.13,70.97,50.95,2.976
watermelon,15.31,26.52,465.16,104.7,52.66,46.75,152.93,70.71,15.246
mango,27.7,31.59,934.36,65.85,46.52,62.14,106.56,42.24,6.305
rice,17.91,31.87,1294.0,104.38,54.44,46.96,241.68,81.18,7.379
apple,8.19,24.26,807.15,117.39,62.94,146.99,199.27,61.76,6.194
rice,18.19,26.54,1776.48,115.36,67.98,39.0,142.83,69.24,7.044
papaya,5.06,28.8,925.51,48.49,49.58,90.21,184.45,72.41,20.511
orange,2.68,27.5,714.91,28.92,16.86,113.89,80.53,54.71,8.932
kidneybeans,8.72,24.51,466.79,15.68,47.7,33.06,82.33,30.64,2.624
kidneybeans,19.04,23.35,618.87,28.46,69.85,36.24,70.51,58.37,3.109
coconut,6.85,25.82,2013.83,21.16,9.0,44.04,186.26,81.73,9.142
mothbeans,1.09,32.29,582.11,32.7,36.51,22.15,66.17,26.36,2.183
blackgram,7.84,26.05,652.4,43.23,39.26,21.49,105.29,54.86,3.003
muskmelon,16.39,29.45,411.23,107.95,54.75,89.46,187.13,67.16,13.604
cotton,20.39,30.5,556.99,115.48,56.64,50.77,174.97,43.51,4.628
apple,5.04,23.48,1114.02,75.48,59.01,144.01,119.64,64.83,6.02
kidneybeans,13.72,20.32,736.22,29.32,65.08,37.1,97.8,56.41,3.443
apple,8.33,22.16,753.4,91.25,67.82,129.89,119.9,57.71,5.817
rice,13.05,24.5,1645.4,96.28,48.96,48.23,120.89,91.77,7.22
muskmelon,6.34,24.21,615.36,72.8,54.16,69.44,173.75,68.61,9.419
watermelon,16.69,24.77,539.52,72.49,43.83,85.77,127.86,73.02,17.53
blackgram,3.98,26.79,944.96,38.27,50.56,38.92,124.03,46.57,3.163
mango,9.25,31.92,745.92,45.97,32.86,82.76,148.48,43.67,8.197
papaya,5.66,23.76,1213.8,78.67,59.02,114.0,166.95,73.97,21.33
mothbeans,4.65,33.45,378.63,19.62,37.85,20.88,80.98,19.8,1.925
banana,6.15,28.88,1220.31,117.34,71.39,62.85,273.6,64.46,17.523
lentil,19.38,24.86,336.05,35.8,56.13,23.44,61.95,45.16,2.254
coffee,5.64,20.14,1293.35,93.64,20.7,88.01,158.04,50.6,4.434
maize,8.87,27.75,831.11,61.34,45.27,34.51,157.53,60.41,6.648
mothbeans,1.8,28.13,489.55,19.89,22.75,18.63,82.69,19.27,1.934
muskmelon,14.67,31.43,663.12,109.55,34.61,80.82,170.45,57.55,12.059
cotton,19.23,27.06,968.31,84.56,27.89,42.08,172.71,45.24,4.546
mango,19.82,28.73,1246.66,69.06,56.6,116.94,143.02,68.81,8.598
banana,1.06,25.89,1073.83,102.26,90.54,48.57,258.33,74.45,17.286
pomegranate,13.39,20.95,794.03,29.74,23.57,84.2,61.34,43.62,5.084
rice,15.37,25.56,1672.72,98.84,57.12,51.68,164.53,72.12,7.379
grapes,16.64,26.93,974.39,88.95,66.26,89.3,186.62,69.35,13.504
grapes,6.46,28.39,969.71,61.3,41.74,109.42,140.18,58.18,11.289
coffee,7.28,20.19,2011.87,115.6,47.82,89.73,233.1,68.7,5.728
watermelon,12.83,29.82,675.35,95.34,62.39,89.51,143.11,40.03,14.991
mothbeans,8.16,33.1,501.89,38.42,34.95,27.7,79.92,22.6,2.179
kidneybeans,17.74,22.64,716.99,22.89,48.66,32.56,105.57,38.51,3.14
banana,13.48,30.63,1278.66,112.9,78.14,45.92,147.54,55.15,16.802
blackgram,15.8,28.36,961.35,27.42,58.67,35.73,60.98,38.33,2.658
cotton,26.39,30.6,721.13,70.11,45.18,54.83,162.81,70.62,4.952
mango,20.62,24.6,1091.01,38.71,44.27,66.97,99.76,63.14,8.244
coffee,10.7,20.97,2145.54,108.05,41.75,121.88,208.18,69.96,5.549
orange,3.24,27.79,773.47,35.93,44.22,84.25,109.48,72.93,9.743
mungbean,1.13,31.41,533.65,41.13,35.42,17.43,76.6,50.34,2.674
rice,25.21,25.61,1196.26,103.1,49.58,59.0,222.1,90.66,7.085
watermelon,1.65,24.82,459.26,107.54,32.34,73.93,174.47,70.28,14.421
maize,14.28,28.47,535.75,109.43,55.33,40.8,102.54,58.47,5.151
coconut,4.58,25.29,1341.98,34.17,9.18,25.85,112.24,80.04,8.885
coffee,19.48,24.15,1401.99,126.7,57.89,126.63,240.02,64.64,5.368
mothbeans,15.96,26.85,446.76,13.06,42.85,33.88,70.76,30.15,2.246
cotton,17.5,27.15,711.65,84.04,53.63,57.1,192.84,51.84,4.819
apple,6.97,22.29,869.91,93.84,54.25,107.8,104.42,50.52,5.935
kidneybeans,3.14,19.67,569.1,22.1,72.03,31.77,79.17,34.58,2.787
maize,2.11,21.34,785.24,99.45,66.04,50.4,152.41,41.18,6.109
mothbeans,12.57,34.63,281.77,31.09,44.25,26.74,70.97,48.84,2.346
mothbeans,4.29,28.14,509.94,10.44,48.95,31.41,62.34,20.38,1.884
banana,11.76,28.41,1645.69,122.63,56.06,36.73,224.22,72.02,17.459
pigeonpeas,20.47,30.44,719.09,53.22,27.98,21.48,121.23,60.67,3.575
kidneybeans,16.73,25.55,742.73,25.02,47.81,22.0,109.0,47.95,3.105
mango,24.76,25.77,840.99,33.5,33.12,79.57,110.28,55.76,7.449
kidneybeans,4.55,25.94,464.61,32.98,72.87,35.81,95.35,50.04,3.076
coconut,14.41,26.26,1698.47,42.84,15.91,50.27,209.22,88.82,9.141
rice,29.42,24.52,1870.85,87.03,32.82,52.33,120.23,83.65,6.775
mungbean,7.95,25.82,441.81,18.05,68.58,34.71,62.15,41.17,2.648
papaya,18.93,26.84,1701.11,44.92,26.72,113.28,191.32,78.72,25.051
mango,13.82,29.64,1370.66,58.15,48.0,104.98,147.64,61.11,8.598
mango,4.36,26.44,988.52,64.16,51.51,117.66,109.54,52.28,7.782
mungbean,18.85,25.25,463.75,27.39,39.4,39.51,74.7,41.34,2.507
mungbean,4.37,30.51,576.74,28.83,48.56,28.03,78.61,30.98,2.515
apple,1.32,19.36,1197.29,82.45,45.7,116.71,149.01,64.17,5.708
mothbeans,18.04,26.56,568.43,16.49,54.8,25.12,45.06,17.28,1.685
pigeonpeas,27.02,25.61,582.63,24.02,33.56,21.94,90.85,50.32,3.364
papaya,3.76,26.45,1081.5,52.17,26.03,103.98,148.15,67.06,21.573
pomegranate,8.86,28.42,670.36,39.45,22.09,54.62,129.23,49.83,6.72
mungbean,15.92,31.68,646.25,16.26,44.12,18.95,103.99,23.39,2.714
pigeonpeas,13.73,25.03,684.64,24.44,50.53,47.55,89.83,50.72,3.104
coffee,11.27,19.55,1879.64,74.63,28.76,135.45,180.91,62.43,5.187
orange,15.87,27.95,1362.22,30.14,35.65,65.7,141.62,41.85,10.668
kidneybeans,12.38,21.11,602.76,24.43,70.63,29.38,84.64,56.88,3.516
blackgram,12.11,25.02,1048.65,41.41,51.09,30.54,71.85,31.77,2.483
apple,3.72,20.9,1090.65,80.63,78.7,117.73,175.21,66.66,6.275
papaya,1.98,29.26,1773.15,62.73,30.88,119.08,131.37,84.83,25.97
papaya,3.84,26.45,1455.88,69.2,27.96,127.51,136.61,59.36,26.05
kidneybeans,18.68,23.05,649.45,26.7,45.37,19.35,60.32,29.06,2.523
pomegranate,16.11,21.41,419.93,42.92,49.81,55.69,146.43,40.41,6.319
muskmelon,12.64,28.15,500.13,67.66,47.52,47.7,182.59,37.03,13.716
maize,3.42,20.18,862.63,64.43,41.57,41.95,134.33,59.66,6.242
watermelon,9.34,31.59,382.39,111.5,39.85,41.43,104.86,52.17,12.96
apple,5.04,19.79,870.24,93.13,62.98,139.87,170.62,61.86,6.189
muskmelon,9.65,28.94,484.16,66.53,43.91,63.52,108.77,61.47,14.152
jute,14.37,29.14,1934.93,74.92,66.03,33.9,177.81,82.4,5.551
apple,12.68,20.37,953.81,108.33,45.61,133.83,120.81,54.78,5.555
cotton,8.19,24.37,873.01,108.99,28.68,32.66,171.33,40.85,4.727
grapes,6.3,23.41,609.94,66.57,55.24,103.65,119.93,45.29,11.226
mothbeans,16.09,30.57,416.9,18.27,54.43,28.05,86.68,41.9,2.556
orange,10.11,26.81,1005.28,25.51,49.53,103.22,140.86,54.26,10.881
watermelon,10.97,25.09,717.0,111.04,54.32,77.44,131.77,60.68,15.889
muskmelon,14.45,25.4,443.07,83.92,35.16,57.3,120.83,39.45,11.413
pigeonpeas,28.64,25.25,778.92,43.06,27.97,30.57,55.43,52.88,3.292
kidneybeans,11.62,19.47,522.57,43.2,71.05,17.54,67.47,45.81,2.922
watermelon,16.41,28.0,793.78,117.96,59.71,78.77,169.31,45.39,16.557
grapes,2.65,18.26,647.01,42.68,49.81,136.89,157.52,63.58,11.223
lentil,14.26,19.63,679.75,34.67,43.08,20.22,105.05,41.28,3.035
grapes,1.57,21.7,950.98,81.57,48.02,120.31,152.41,69.01,12.832
grapes,15.68,25.92,824.72,61.35,49.37,117.54,95.57,50.46,9.97
pomegranate,18.06,25.44,812.58,41.22,42.88,91.58,152.1,34.02,6.44
rice,27.91,25.43,1770.92,83.61,52.41,35.16,199.99,66.01,6.885
muskmelon,15.49,28.67,696.56,72.07,39.18,49.17,145.4,56.47,12.349
blackgram,10.04,30.56,795.95,25.46,52.49,26.62,128.17,48.07,3.15
pomegranate,16.53,28.77,422.97,54.7,23.67,68.57,84.93,35.7,5.997
mungbean,4.09,28.15,666.62,20.34,56.46,15.35,109.94,30.58,2.807
cotton,4.06,30.66,610.56,66.52,25.35,58.61,130.79,55.38,4.369
jute,7.61,27.95,1291.69,98.82,48.68,60.71,163.41,59.53,5.137
coconut,10.68,30.27,1493.12,35.3,23.37,26.55,183.84,71.28,10.147
mango,4.23,30.28,1040.69,60.54,20.16,97.58,108.28,52.3,7.341
papaya,15.47,23.12,1206.62,52.37,53.16,70.96,155.79,72.87,21.302
orange,5.23,21.8,1074.76,37.09,42.89,62.52,141.77,63.43,10.81
watermelon,23.86,24.71,588.37,106.02,34.47,71.82,203.71,66.5,17.971
lentil,7.51,23.51,616.02,22.02,68.74,29.81,45.51,20.88,2.275
watermelon,12.45,25.96,333.11,103.88,30.83,80.47,211.5,63.41,19.008
kidneybeans,4.47,25.55,602.72,30.84,74.44,24.16,116.01,49.32,3.311
rice,18.64,26.65,1480.54,101.91,37.49,64.54,234.56,85.96,7.144
blackgram,9.54,27.65,782.51,35.24,35.42,36.84,58.2,64.99,2.906
pigeonpeas,17.07,27.53,520.93,32.58,28.55,47.08,128.13,36.99,3.536
banana,9.24,31.7,1487.24,86.57,75.37,59.35,149.15,67.06,15.3
jute,5.03,28.59,1250.59,108.48,56.57,47.14,196.27,70.93,5.238
lentil,19.28,23.92,536.46,25.95,54.76,22.98,45.07,50.31,2.622
banana,1.14,26.51,1776.76,100.51,75.17,61.11,217.15,81.03,18.829
mungbean,5.76,30.41,733.69,30.98,39.81,20.11,57.53,43.47,2.708
lentil,3.59,18.86,453.03,22.47,40.11,18.65,61.65,38.79,2.43
papaya,12.89,27.47,1717.64,81.55,29.4,88.16,131.28,79.21,25.97
orange,14.69,29.61,1245.09,44.97,36.38,118.68,87.31,40.98,8.388
coconut,23.62,30.4,2290.55,43.54,32.09,37.76,135.77,85.85,8.841
apple,2.72,20.93,973.3,86.26,71.61,119.07,199.44,50.14,6.179
mungbean,13.02,28.09,895.96,20.22,67.74,25.04,77.76,41.14,2.887
jute,13.41,24.1,1927.83,98.51,55.41,38.06,183.99,78.7,5.888
mothbeans,8.63,31.07,597.12,27.05,24.03,11.14,87.42,29.83,2.54
mungbean,7.14,28.73,710.9,35.6,66.68,22.38,91.11,42.39,3.104
apple,14.18,24.78,818.77,77.53,45.3,102.84,191.47,79.55,6.591
kidneybeans,10.44,19.07,546.15,17.02,51.06,15.44,81.73,47.21,3.016
grapes,16.14,23.3,506.59,64.34,63.44,110.1,173.43,64.69,12.222
coconut,6.34,27.97,1398.21,15.66,23.37,30.55,104.13,87.19,8.426
watermelon,13.09,31.24,392.22,118.67,58.43,83.04,157.95,68.49,16.036
apple,11.58,20.37,784.9,79.76,47.03,156.96,148.35,74.19,5.895
jute,26.04,30.27,1734.36,99.89,58.18,51.01,155.67,79.84,5.16
pomegranate,12.49,21.69,709.11,45.3,44.92,69.12,63.39,49.32,4.999
muskmelon,9.35,24.78,566.62,60.48,57.55,68.65,138.97,54.93,12.097
orange,10.13,21.63,1166.91,44.23,43.35,86.97,107.86,68.46,9.385
banana,15.9,30.63,1184.13,88.72,94.88,36.06,223.63,77.76,15.525
papaya,3.86,24.63,1707.1,42.23,34.31,87.52,158.82,68.46,17.819
rice,8.79,27.96,1787.36,82.16,59.85,33.0,156.82,70.74,6.627
mungbean,1.33,25.47,694.38,35.83,36.17,16.08,63.29,23.34,2.246
muskmelon,19.26,27.49,439.27,94.02,59.01,67.43,123.08,45.55,13.266
jute,18.11,25.78,1982.19,116.38,64.6,66.46,145.86,62.97,5.547
mungbean,2.01,31.52,868.53,30.97,57.48,26.57,74.38,24.78,2.331
mungbean,13.4,30.44,666.36,33.99,45.09,33.37,59.17,47.79,2.682
papaya,5.49,27.02,1169.45,73.27,32.86,94.35,201.85,66.86,25.287
blackgram,11.17,31.96,1084.5,21.63,57.67,23.62,62.82,53.31,2.823
papaya,4.88,23.64,992.7,80.75,52.1,128.25,185.18,61.51,22.138
mungbean,2.28,26.94,636.44,22.34,47.24,15.16,69.58,24.77,2.386
kidneybeans,19.85,22.69,785.04,43.47,54.4,36.59,105.47,52.15,3.394
kidneybeans,11.33,24.22,735.04,22.95,63.48,28.93,65.91,42.15,2.816
mango,13.3,26.66,1406.83,36.79,53.98,75.3,151.56,63.22,9.575
muskmelon,14.53,28.51,498.24,62.76,42.19,83.93,93.09,48.88,13.526
papaya,5.75,29.69,1749.13,62.96,25.34,111.29,149.81,71.95,22.395
orange,10.51,27.68,887.51,43.58,45.28,79.08,128.35,73.04,10.507
muskmelon,3.21,28.93,542.79,108.62,43.11,47.93,143.75,57.34,13.218
mango,10.51,25.72,789.88,40.87,56.23,65.11,112.48,53.5,6.838
chickpea,5.25,22.06,426.08,44.61,58.08,32.41,111.26,46.58,3.332
pigeonpeas,22.19,29.94,955.71,18.22,42.86,41.21,67.36,35.54,2.986
blackgram,18.07,29.59,866.24,34.36,53.19,25.83,99.98,45.52,2.981
orange,14.88,28.02,1354.28,39.01,37.34,90.9,165.1,52.25,11.221
rice,21.66,27.01,1718.99,112.51,51.9,56.51,164.64,90.06,7.949
maize,5.47,20.48,826.94,90.32,47.93,43.91,163.59,44.6,6.408
maize,17.74,28.15,556.08,77.86,65.23,60.55,164.78,57.32,6.375
apple,6.75,20.66,1035.18,77.46,77.53,121.83,112.14,51.11,5.247
coconut,12.69,28.37,2135.72,27.81,32.21,36.77,170.59,63.69,8.939
watermelon,8.85,24.71,424.35,72.92,57.65,65.63,140.44,61.48,15.433
pigeonpeas,6.37,30.83,922.38,44.81,40.68,17.44,106.92,45.73,3.562
banana,13.15,24.07,1494.05,90.21,83.98,54.86,196.21,79.29,15.124
lentil,11.21,22.46,302.34,32.23,61.16,19.36,105.56,38.56,2.916
coconut,26.49,30.47,1612.3,43.58,30.95,57.11,178.89,57.93,9.316
banana,3.39,25.15,1523.79,90.38,75.29,69.71,140.56,55.58,18.515
mango,24.77,25.78,1122.58,32.03,28.57,105.71,159.34,62.17,8.335
banana,17.54,26.44,985.75,111.29,59.93,62.06,148.62,71.26,17.15
chickpea,18.94,22.29,509.45,29.65,45.77,27.94,77.53,38.21,3.091
coffee,13.0,22.44,1972.69,81.4,42.23,91.07,177.02,68.24,4.954
mungbean,19.93,24.86,535.69,25.73,51.76,27.35,104.93,50.82,3.02
apple,1.07,24.88,852.95,83.56,79.91,135.06,114.77,54.29,5.261
coffee,10.94,21.51,2054.93,96.59,23.31,149.45,238.3,68.1,5.771
maize,28.9,29.09,849.85,69.62,68.92,56.15,193.2,52.97,6.551
apple,15.48,19.12,853.53,92.29,56.28,123.22,198.41,53.98,6.432
rice,1.9,28.18,1813.97,114.8,50.66,49.16,175.45,61.44,7.677
lentil,5.45,18.52,475.11,15.31,37.49,29.88,92.09,25.88,2.567
chickpea,16.0,18.28,677.42,47.05,60.49,34.9,108.49,34.87,3.168
cotton,29.79,26.17,769.61,70.23,49.29,63.49,195.84,48.83,4.643
jute,10.04,27.62,1547.0,114.48,52.15,62.74,127.08,67.32,4.894
mungbean,11.74,27.43,894.01,37.1,63.26,35.63,46.53,22.19,2.333
coffee,15.33,21.45,1467.62,78.35,20.05,87.93,143.05,69.15,4.426
grapes,4.71,23.24,722.33,50.8,54.78,90.22,146.07,43.97,13.453
muskmelon,19.31,31.29,689.16,109.85,53.44,65.33,175.07,35.83,12.007
coffee,4.91,25.81,1418.7,100.95,57.45,148.4,153.09,46.72,4.422
muskmelon,9.53,31.88,495.47,60.44,38.49,89.03,188.91,42.37,10.875
mothbeans,17.76,26.14,515.14,38.97,21.71,15.58,87.64,33.2,2.28
muskmelon,4.32,30.11,498.52,105.96,31.14,48.01,130.33,37.81,12.485
coffee,5.46,21.15,1942.33,98.45,42.83,101.99,139.78,54.34,4.917
kidneybeans,17.6,24.61,792.38,40.45,63.97,18.56,61.54,41.58,2.921
coffee,17.88,18.67,1897.19,128.12,42.95,95.21,259.83,51.11,5.778
kidneybeans,19.9,25.35,486.03,24.3,58.91,36.11,106.19,29.42,2.515
cotton,4.01,30.45,857.63,67.2,59.32,30.9,175.42,41.87,4.077
chickpea,19.47,22.7,715.77,36.15,48.23,26.9,78.53,31.39,3.159
rice,29.27,24.41,1867.69,104.43,57.87,50.76,218.94,91.69,7.544
jute,21.14,28.11,1484.41,63.07,62.51,49.89,164.65,71.41,5.308
mothbeans,10.83,25.43,477.0,26.9,43.83,24.18,66.27,27.25,1.946
mungbean,9.34,30.06,769.93,19.12,62.74,16.96,80.04,45.8,2.744
muskmelon,10.62,27.62,468.2,90.33,55.36,85.32,117.29,57.08,13.96
muskmelon,13.78,29.22,599.57,70.34,33.86,75.11,113.6,39.01,12.405
chickpea,8.15,19.41,510.42,53.71,51.43,25.24,116.1,53.25,3.413
muskmelon,19.57,27.55,436.93,78.68,34.69,58.36,98.64,49.98,12.247
apple,6.9,24.22,1185.91,95.04,50.04,100.84,127.56,49.61,5.85
coconut,11.2,29.21,2227.84,30.66,9.39,49.92,129.67,50.52,8.747
banana,19.74,27.44,1107.12,114.18,71.19,36.92,260.53,55.55,17.038
mungbean,5.0,28.64,620.61,23.01,65.14,28.13,109.62,45.4,3.098
lentil,13.69,22.01,568.51,26.45,64.61,16.39,103.06,29.4,2.878
lentil,8.1,22.46,463.88,20.46,60.61,26.21,46.06,53.74,2.761
mothbeans,17.14,34.29,339.17,14.27,43.22,22.9,71.39,47.36,1.99
maize,13.26,28.16,896.54,96.63,69.94,44.14,204.9,69.5,6.93
pomegranate,11.46,20.78,824.89,39.55,36.52,75.04,117.18,31.14,5.533
kidneybeans,11.91,21.32,724.79,24.32,68.51,23.2,114.46,34.38,3.174
papaya,7.56,31.09,1231.59,60.89,40.46,127.85,114.08,79.88,20.522
mango,7.36,29.26,805.8,39.7,48.57,67.55,108.02,66.43,8.635
watermelon,14.62,28.95,725.61,100.46,63.6,83.61,141.85,69.4,17.878
mothbeans,7.37,26.69,599.22,35.68,22.45,24.14,48.84,40.05,2.282
coffee,1.24,24.37,1720.23,94.48,23.76,142.28,175.3,68.89,5.083
pigeonpeas,20.2,27.42,565.76,23.9,28.9,36.0,86.93,40.5,3.046
mungbean,9.7,30.8,800.48,19.89,58.57,36.42,102.38,37.03,2.845
mungbean,8.19,24.29,527.04,35.95,47.61,18.96,52.4,23.8,2.263
apple,1.07,20.26,1089.29,107.13,45.36,128.22,152.48,67.83,6.008
lentil,15.0,22.89,436.15,20.0,45.15,34.1,71.61,44.59,2.886
mungbean,6.1,27.12,443.32,40.16,54.63,27.62,112.8,33.38,2.849
banana,7.93,30.49,1641.51,113.97,63.73,68.96,272.58,76.69,19.379
cotton,19.52,30.27,798.44,104.91,34.83,69.07,103.83,50.46,4.028
watermelon,11.35,24.29,567.3,119.68,63.55,42.02,184.7,47.07,15.267
watermelon,16.22,31.12,426.35,86.34,40.69,68.21,149.54,39.32,14.607
blackgram,8.86,26.39,936.39,36.54,44.1,23.79,62.51,50.77,2.622
papaya,18.45,26.6,1450.62,67.1,60.59,119.94,123.92,72.1,28.465
pomegranate,13.39,23.99,403.39,53.22,45.4,67.45,159.78,37.69,7.65
jute,27.55,27.25,1524.02,102.75,56.94,37.37,112.92,70.32,5.141
watermelon,7.82,29.1,777.35,106.35,47.32,74.44,192.7,71.77,16.539
blackgram,5.9,30.31,962.49,30.16,46.67,18.09,112.81,51.61,3.161
pomegranate,10.63,23.64,602.16,33.07,45.37,107.74,144.42,58.67,6.704
muskmelon,8.22,30.91,312.63,77.36,59.93,85.56,165.64,58.45,11.642
cotton,26.6,25.06,813.77,115.4,31.01,62.03,175.78,67.52,5.159
chickpea,13.41,21.59,525.64,26.31,67.7,24.71,104.48,47.93,3.545
kidneybeans,7.01,21.18,498.31,44.97,51.89,35.77,61.14,59.31,3.169
pomegranate,3.39,23.05,777.08,48.84,27.17,53.67,126.57,54.58,7.079
pomegranate,2.96,21.5,716.99,49.75,38.11,52.17,157.04,30.58,5.604
kidneybeans,7.07,19.53,795.46,24.09,51.66,19.92,76.17,46.2,2.91
cotton,13.95,27.12,607.68,116.32,47.35,65.98,113.11,59.91,4.467
papaya,12.71,29.95,1350.49,89.15,52.44,76.25,123.8,78.05,26.583
grapes,7.13,20.64,920.06,41.34,64.03,144.52,159.31,61.89,11.276
coffee,18.66,24.42,1495.88,127.13,21.17,93.16,206.36,72.76,5.223
coffee,15.49,21.32,2051.94,89.62,47.71,142.51,227.67,56.99,5.327
cotton,7.82,22.2,555.69,74.67,50.41,61.03,167.86,45.2,4.241
rice,25.69,25.05,1540.65,109.94,35.22,41.89,163.32,83.69,6.976
cotton,23.57,30.61,623.34,100.07,29.53,41.01,116.64,46.34,3.959
mungbean,17.94,24.29,628.67,34.82,66.07,29.84,102.71,28.91,2.655
pigeonpeas,24.23,22.9,979.41,50.68,58.52,43.29,73.54,48.26,3.25
chickpea,16.92,19.33,732.67,51.21,54.63,20.61,92.28,35.34,2.835
orange,4.05,20.22,1362.94,60.0,41.68,66.49,169.89,64.75,11.415
kidneybeans,17.23,20.58,617.82,29.69,63.97,23.35,67.09,56.94,3.118
pigeonpeas,26.2,24.93,732.88,15.37,49.87,25.58,94.92,31.77,3.285
muskmelon,3.91,25.69,645.68,104.76,32.89,84.33,162.85,62.15,12.081
pomegranate,7.13,29.06,549.36,26.02,46.02,90.85,149.57,31.24,7.197
papaya,17.13,27.56,1023.04,87.21,36.0,71.57,129.12,59.67,21.925
coconut,4.11,26.42,1885.93,12.36,32.94,24.95,107.72,80.61,9.55
papaya,3.54,31.65,904.8,66.45,35.9,85.85,171.35,76.92,21.86
maize,19.71,27.63,892.01,78.13,62.95,62.5,122.38,65.57,5.953
jute,6.98,31.02,1569.18,65.79,38.7,37.91,133.93,72.37,4.756
jute,21.34,26.01,1643.26,79.1,54.39,56.37,216.74,70.95,5.726
blackgram,3.72,30.21,699.1,42.32,54.69,15.9,50.43,31.81,2.044
kidneybeans,9.02,24.2,529.2,31.94,56.45,19.69,90.99,51.28,3.075
mungbean,14.05,28.46,847.23,22.23,40.96,23.97,55.23,57.85,2.752
banana,1.34,27.5,1740.25,88.3,59.69,37.41,247.1,82.51,16.643
pigeonpeas,28.41,28.63,977.39,22.5,44.75,44.01,90.72,39.49,3.165
chickpea,11.66,18.27,678.28,26.89,68.58,41.15,117.82,53.8,3.477
kidneybeans,4.44,24.78,731.19,25.49,67.92,28.58,113.63,53.1,3.356
pomegranate,9.08,20.01,671.64,40.13,45.43,82.43,69.41,62.07,6.641
coconut,4.77,27.85,1494.98,33.44,18.11,53.31,178.04,62.49,8.559
mothbeans,2.25,27.65,393.04,39.77,33.75,12.23,74.87,47.19,2.522
grapes,12.19,29.2,684.1,65.43,42.96,117.87,178.28,47.53,11.609
watermelon,12.09,26.62,452.74,82.54,42.78,47.5,204.65,59.08,16.508
grapes,6.19,23.35,954.81,42.54,49.14,134.62,171.82,69.81,14.112
coconut,9.19,26.28,1913.44,14.04,13.36,26.65,124.81,80.62,7.763
chickpea,2.81,22.53,485.86,26.31,66.48,30.71,109.63,28.43,3.017
mango,27.12,28.49,988.39,32.22,24.44,68.36,116.48,56.26,7.097
watermelon,21.63,30.39,300.86,94.39,39.26,44.31,201.54,35.32,18.191
banana,13.75,26.39,1099.05,120.98,91.78,45.47,185.02,84.9,16.662
jute,7.32,24.73,1359.43,74.86,38.89,39.19,114.01,68.22,5.094
pigeonpeas,17.68,22.93,922.2,22.0,50.59,27.62,112.62,33.25,3.331
banana,7.67,31.31,1348.66,91.3,74.33,58.61,191.4,84.53,17.222
papaya,14.74,30.77,1614.88,53.82,64.72,126.22,151.62,46.89,24.129
coffee,6.47,23.43,1254.05,127.35,59.23,131.74,185.13,52.7,4.736
papaya,19.66,28.46,1224.98,58.5,41.7,77.1,195.37,78.51,25.223
coconut,17.25,29.46,1813.13,33.81,19.56,46.37,174.38,78.38,9.77
chickpea,18.46,24.6,721.7,36.6,58.64,48.12,117.19,53.63,3.573
blackgram,1.08,28.03,864.16,34.74,46.55,15.08,103.91,31.9,2.677
cotton,21.58,23.73,545.86,71.01,59.3,48.34,194.09,60.46,4.749
mango,14.19,25.99,1073.15,58.87,48.44,100.63,104.2,36.37,8.6
apple,5.57,24.72,739.27,78.0,58.33,151.24,117.35,75.64,6.356
pomegranate,10.74,28.7,736.22,29.51,15.69,53.55,95.18,43.48,5.906
mothbeans,1.05,31.38,312.46,18.86,30.41,22.08,40.65,23.25,1.732
muskmelon,4.29,24.11,455.23,96.8,64.01,84.76,138.41,63.45,12.078
apple,2.17,23.23,997.27,117.6,76.73,144.97,102.3,61.81,5.709
jute,20.0,30.26,1862.5,88.58,52.81,58.72,131.6,84.91,5.38
chickpea,4.16,21.93,427.21,40.84,48.05,28.1,96.59,33.95,2.948
muskmelon,12.18,28.14,638.94,61.38,57.2,50.25,174.08,53.52,12.714
chickpea,9.33,20.87,402.01,37.54,51.6,48.07,50.28,25.01,2.289
coffee,19.49,24.91,1503.65,110.51,38.68,102.62,160.15,49.76,4.679
mango,16.9,25.77,719.38,77.07,24.33,67.61,94.65,69.34,8.64
pomegranate,10.79,22.56,868.02,21.58,16.57,76.11,159.24,60.67,7.882
blackgram,9.13,27.4,1095.31,36.2,45.78,24.29,84.46,31.28,2.679
mothbeans,8.21,31.86,353.91,38.47,52.07,22.02,59.7,33.74,2.353
apple,11.52,18.35,1084.9,86.17,54.89,115.56,134.01,56.83,5.251
pigeonpeas,9.82,27.19,538.06,53.45,39.64,21.67,71.67,56.92,3.343
mothbeans,11.88,25.38,567.18,38.58,20.12,15.32,50.81,42.35,2.37
coffee,11.07,20.2,1829.03,92.37,28.83,125.95,175.15,50.52,4.875
maize,18.71,22.96,672.93,98.49,65.74,37.88,174.3,46.13,6.355
pigeonpeas,1.07,25.44,852.4,30.72,28.77,31.24,110.19,29.78,3.372
kidneybeans,8.5,20.41,455.16,34.68,49.1,34.39,64.12,50.6,2.809
lentil,18.02,25.02,696.24,36.68,46.87,30.03,50.18,27.76,2.385
mango,18.6,29.95,1389.4,31.5,49.06,78.85,163.86,37.65,8.06
cotton,20.79,23.2,536.79,102.79,27.22,38.98,198.97,67.39,5.048
maize,21.38,21.01,535.82,95.94,60.43,35.6,146.16,73.29,6.702
chickpea,3.97,19.04,749.91,35.94,71.18,34.47,114.57,23.07,3.502
jute,16.95,26.16,1756.33,61.7,51.42,32.09,139.66,55.55,4.676
coffee,11.25,18.86,2153.46,124.37,53.06,142.49,140.54,62.63,5.122
mungbean,16.14,27.69,513.87,44.8,39.05,38.9,101.63,53.56,3.223
coconut,13.01,27.59,2126.4,31.15,14.06,24.0,195.83,69.34,8.762
coffee,1.99,23.94,1350.65,85.42,51.01,117.43,121.96,45.08,4.062
apple,1.86,25.49,1118.74,75.88,47.09,150.08,118.69,63.72,5.561
muskmelon,14.09,28.78,655.7,63.35,42.24,89.35,108.23,39.46,13.185
papaya,12.1,25.86,1630.25,45.57,48.11,79.6,163.39,67.1,23.457
mothbeans,15.9,31.55,493.44,18.57,36.45,14.54,54.79,18.14,1.841
kidneybeans,14.52,18.38,625.08,26.74,68.91,34.6,76.29,46.79,3.103
chickpea,16.42,24.61,429.37,45.48,66.58,27.88,93.6,41.38,3.245
watermelon,11.28,28.64,549.94,75.4,41.9,58.81,184.83,48.32,16.075
pomegranate,5.17,24.78,837.25,35.0,16.94,52.39,82.74,58.71,6.111
orange,10.64,29.47,840.25,40.2,26.15,109.35,88.27,52.35,8.88
papaya,11.53,23.98,1472.24,54.06,51.38,113.62,192.24,49.31,21.745
papaya,15.23,30.21,1291.26,84.65,30.76,122.74,111.53,51.14,23.39
coconut,22.77,29.96,2194.3,23.45,24.26,54.29,101.25,65.53,9.033
chickpea,3.01,20.42,549.53,25.75,68.7,44.22,108.95,21.73,2.961
lentil,8.78,25.78,445.74,41.6,43.51,15.78,85.87,37.79,2.772
chickpea,18.12,22.85,499.16,39.38,74.44,23.59,102.99,31.7,2.949
mango,6.05,29.56,843.24,36.87,25.89,95.94,157.88,55.89,8.438
cotton,7.48,25.62,851.0,62.34,49.51,42.15,132.62,62.74,3.96
mungbean,17.79,26.41,785.1,25.11,56.22,31.46,103.07,20.98,2.543
papaya,17.18,28.43,1154.16,49.39,30.37,114.65,156.3,46.85,28.331
blackgram,2.01,29.79,824.31,19.74,43.85,27.53,76.37,63.94,2.883
pomegranate,3.74,29.59,835.68,44.95,48.22,80.2,148.77,31.51,6.826
cotton,1.78,27.22,529.16,106.78,32.4,52.64,209.97,60.97,4.839
mango,24.09,25.13,1114.7,34.83,45.3,63.78,174.45,42.27,8.107
coconut,3.58,27.37,2171.2,23.0,10.67,27.82,137.41,69.18,8.069
muskmelon,5.74,25.12,644.23,71.32,47.61,89.59,91.21,54.48,11.984
mango,15.37,29.24,1129.06,41.89,53.14,118.21,125.92,57.26,7.74
coconut,18.45,30.99,1687.18,15.7,13.06,42.83,159.65,59.19,8.426
muskmelon,16.13,29.98,397.13,67.03,45.03,82.31,123.05,35.33,12.653
papaya,1.87,30.19,924.47,40.7,61.5,85.93,169.89,78.56,24.31
maize,27.94,23.95,950.63,78.71,61.48,61.63,171.58,47.4,6.927
maize,17.8,24.09,905.45,73.72,65.62,35.95,120.48,47.26,6.351
coconut,23.31,27.58,1839.88,27.45,34.05,27.39,188.23,50.23,8.998
mothbeans,14.76,26.46,563.17,13.03,50.22,22.45,65.72,32.52,2.031
mungbean,12.21,30.48,601.48,28.35,55.63,28.33,93.16,38.87,2.868
chickpea,11.37,23.43,709.57,54.01,66.15,34.49,81.95,33.52,2.901
maize,4.73,26.16,886.92,72.18,37.79,31.24,111.9,70.49,6.424
grapes,10.05,26.93,742.39,63.25,56.77,98.16,117.48,74.63,12.716
orange,10.0,22.67,932.1,40.83,30.36,61.3,162.63,70.85,10.12
papaya,15.17,24.07,1561.41,50.41,60.07,84.7,159.04,64.49,22.681
orange,19.92,29.24,1309.53,31.16,48.83,115.67,133.44,51.08,11.369
mothbeans,17.96,27.66,591.05,24.77,27.74,19.78,51.01,44.18,2.397
pigeonpeas,10.9,24.16,742.48,43.67,31.47,41.52,100.38,56.5,3.561
watermelon,17.67,25.56,539.25,87.61,47.63,68.5,218.91,71.0,15.523
rice,7.95,25.94,1786.73,120.16,57.71,48.77,140.68,88.56,6.87
pomegranate,19.88,23.32,574.87,25.06,37.61,78.38,139.04,45.5,6.609
grapes,13.52,23.57,646.27,66.01,44.05,114.07,106.07,59.79,12.729
mango,25.59,31.28,817.47,39.08,33.87,106.22,167.5,55.31,7.302
jute,22.44,27.38,1314.71,83.2,65.49,43.24,107.52,88.57,5.179
mothbeans,13.25,28.22,582.07,39.39,24.19,18.6,52.48,21.54,1.897
maize,1.37,25.38,880.4,108.29,66.23,28.48,227.47,40.98,7.335
pomegranate,11.32,24.99,721.87,53.0,24.98,91.57,62.5,35.5,6.769
coffee,6.15,22.43,1692.71,117.76,58.24,89.15,243.75,69.67,5.601
rice,15.0,22.55,1992.14,76.82,38.68,43.4,147.33,78.87,6.615
coffee,11.08,22.75,1221.83,100.91,33.79,109.49,134.04,72.4,4.608
coconut,24.33,27.8,2220.19,10.62,8.27,53.18,191.55,59.31,9.189
lentil,19.53,21.48,620.3,31.77,43.23,16.32,85.04,30.42,2.607
pomegranate,4.63,26.08,488.91,50.27,22.34,55.47,147.57,36.81,6.865
mango,18.08,28.24,1378.17,30.54,44.67,84.58,99.36,69.29,8.322
blackgram,10.74,26.62,651.83,21.08,47.02,28.79,125.09,38.39,2.855
kidneybeans,9.05,25.44,600.97,44.13,52.77,27.61,110.17,40.69,3.192
muskmelon,12.67,24.76,590.29,64.22,62.76,51.18,185.89,63.03,14.585
banana,8.86,25.95,939.57,115.46,91.39,58.73,184.41,77.5,15.188
maize,18.52,27.81,569.05,79.23,59.1,58.35,164.52,43.25,5.669
mango,19.3,31.24,951.04,72.4,47.35,71.73,92.65,59.6,7.75
grapes,19.55,18.39,866.16,78.65,37.35,92.03,132.27,70.39,10.717
rice,5.92,25.06,2129.45,99.2,40.44,31.82,122.65,72.77,7.331
kidneybeans,13.06,25.37,695.18,31.23,57.08,26.55,73.92,58.12,3.116
coffee,10.61,21.99,1758.79,81.16,25.89,127.41,175.41,55.15,4.793
papaya,5.98,27.88,911.33,41.15,25.6,79.49,102.39,50.3,25.248
banana,8.85,26.87,1454.68,101.09,84.85,63.05,262.62,63.5,18.183
pigeonpeas,18.85,25.13,970.76,43.01,30.64,46.73,77.54,45.65,3.173
jute,21.63,25.77,1294.38,119.93,44.1,65.84,173.1,80.03,5.335
mungbean,11.35,24.29,823.92,17.51,36.64,21.87,78.31,55.81,2.92
grapes,16.53,24.77,713.97,75.97,51.03,88.98,101.82,51.41,11.127
kidneybeans,12.52,22.18,750.49,26.07,58.02,36.07,61.27,45.8,2.917
coffee,9.93,24.48,1657.67,94.89,31.95,93.96,236.26,48.33,5.156
blackgram,6.85,24.38,626.05,28.61,55.77,32.5,64.48,60.03,2.752
pigeonpeas,5.89,29.09,730.15,51.76,39.38,28.26,73.57,61.14,3.326
jute,8.98,25.57,1371.08,71.89,53.33,35.43,179.11,58.68,5.147
pomegranate,11.87,23.66,733.05,39.41,38.0,65.14,136.74,51.56,6.878
cotton,2.84,23.95,784.28,114.75,43.8,55.04,124.22,67.02,4.864
lentil,4.73,24.8,437.23,16.48,45.58,37.64,71.72,50.26,2.764
rice,14.62,28.05,2054.02,120.83,60.57,41.31,139.91,83.44,7.593
grapes,11.94,25.07,605.74,78.25,60.8,86.66,155.45,63.04,12.931
kidneybeans,3.25,20.0,696.5,26.0,60.22,19.89,63.59,47.77,2.713
pomegranate,3.68,24.11,836.69,51.02,49.31,103.09,65.1,62.19,6.22
maize,4.2,29.25,760.02,91.76,48.05,27.37,224.54,74.78,6.729
rice,28.47,26.05,1970.76,128.47,33.23,51.07,242.0,82.2,7.725
apple,13.23,25.56,1037.86,93.23,78.63,141.31,106.84,68.45,5.887
orange,19.92,21.81,1217.71,57.92,37.56,117.79,179.44,67.06,12.114
chickpea,10.44,25.3,431.09,27.4,74.34,33.04,62.73,31.6,2.742
mothbeans,5.74,33.21,312.0,20.78,34.04,17.49,40.2,23.24,1.499
pigeonpeas,28.79,24.04,531.26,29.12,25.38,19.43,82.6,37.26,3.092
maize,17.31,22.24,729.6,99.13,62.7,49.02,227.12,53.55,6.8
muskmelon,6.62,26.97,461.94,98.0,57.03,54.31,184.15,39.22,12.816
muskmelon,1.09,29.57,672.51,91.08,33.37,89.53,187.56,51.39,15.444
mothbeans,14.1,29.49,386.01,16.12,51.19,21.08,76.46,18.94,2.143
mungbean,3.13,30.28,677.41,24.21,56.3,23.3,76.39,54.51,3.012
jute,7.06,24.09,1425.53,74.8,61.75,52.79,121.34,74.88,4.689
watermelon,3.95,29.63,366.05,71.33,47.1,68.62,219.89,63.49,18.55
kidneybeans,8.82,21.27,487.05,32.65,54.51,15.9,79.29,41.59,2.98
pomegranate,12.76,20.4,630.86,35.89,22.5,58.38,78.85,38.77,5.321
grapes,2.17,27.87,608.32,80.23,53.7,99.36,93.32,68.55,10.058
cotton,14.43,26.99,810.79,86.05,55.35,46.13,213.11,70.08,5.197
kidneybeans,18.73,19.63,611.42,39.99,54.1,26.0,118.99,59.48,3.469
blackgram,10.27,26.29,857.72,35.46,37.78,38.0,107.51,33.39,2.55
apple,9.56,20.5,736.96,81.22,48.17,107.6,119.62,55.57,5.493
rice,15.79,24.79,1832.08,87.27,49.27,33.02,235.93,92.39,7.925
jute,25.75,25.87,1246.64,76.88,45.28,56.48,166.84,82.44,5.464
blackgram,1.95,29.74,719.22,28.55,46.03,17.82,77.65,42.25,2.612
mungbean,3.98,30.94,684.76,22.35,48.77,37.67,107.08,22.76,2.728
coconut,20.56,29.05,1382.23,12.01,23.76,46.13,157.94,59.83,8.771
mango,17.65,25.25,1060.55,48.47,30.97,103.76,110.97,53.9,6.991
maize,13.19,21.88,669.51,93.71,42.15,28.74,215.44,65.57,6.594
grapes,14.69,21.55,759.14,56.61,62.11,95.85,193.49,51.25,13.475
orange,2.46,25.77,788.14,52.75,47.89,70.38,126.27,39.08,8.699
papaya,13.09,27.72,933.97,84.09,55.18,125.3,186.45,54.79,22.597
apple,5.08,22.98,783.85,88.14,69.08,130.82,171.67,53.78,6.119
maize,16.51,24.07,667.0,57.85,58.82,41.86,157.88,70.74,6.423
pigeonpeas,17.27,27.42,675.04,45.14,58.56,20.15,61.62,54.39,3.095
grapes,2.31,23.31,655.89,72.08,56.51,80.73,156.85,65.72,12.26
muskmelon,5.85,29.69,562.58,82.56,52.14,52.18,157.33,44.47,12.351
jute,9.12,25.29,1663.14,113.65,60.75,33.85,148.1,55.19,5.282
rice,2.5,26.78,2063.6,109.91,57.41,35.53,178.6,72.83,7.33
cotton,15.64,25.49,893.45,97.01,42.75,60.92,165.38,72.54,5.042
banana,18.48,26.15,1786.88,128.98,86.79,58.37,277.66,70.45,13.654
jute,11.72,24.5,1516.01,109.73,64.55,31.36,108.34,78.45,4.872
pigeonpeas,9.81,30.74,511.99,35.82,38.55,39.15,63.07,51.73,3.034
lentil,9.84,27.56,411.6,43.78,66.07,22.08,98.1,44.01,2.891
blackgram,5.25,24.3,953.91,31.47,56.72,17.19,129.64,64.8,3.247
blackgram,9.23,26.6,868.87,15.08,46.4,26.98,114.26,54.53,3.281
mango,22.72,31.25,1459.83,71.25,28.2,69.24,85.9,55.37,8.471
apple,4.02,21.89,821.85,81.78,45.32,122.23,138.19,46.09,5.407
pomegranate,9.83,23.32,850.34,45.9,40.13,76.76,158.12,53.4,7.325
coconut,13.24,28.29,1467.75,24.18,24.07,43.06,181.24,83.46,9.135
coconut,1.56,26.64,1808.84,30.84,32.58,35.02,202.5,56.54,10.31
grapes,15.17,21.96,555.85,84.6,52.53,87.04,148.85,63.64,12.409
coffee,10.85,24.48,1392.04,107.74,37.23,92.21,236.4,56.36,4.997
mungbean,1.5,29.95,826.07,29.89,51.3,15.14,100.07,33.23,2.865
lentil,11.77,20.97,419.26,41.26,36.89,38.54,66.26,45.86,2.82
mungbean,12.01,31.22,402.17,40.36,63.07,17.65,104.28,50.54,3.197
cotton,26.67,28.72,821.36,71.39,28.72,68.61,171.86,51.63,4.425
jute,20.2,27.35,1377.89,104.71,44.11,36.49,118.54,80.52,5.116
grapes,7.46,24.36,806.73,69.79,62.52,120.02,183.62,42.96,10.706
watermelon,7.34,24.46,633.71,88.42,52.82,57.35,154.69,53.32,14.683
jute,5.46,24.1,1345.56,71.39,37.71,64.71,193.6,63.91,5.137
banana,12.62,31.89,1488.59,133.93,84.03,39.46,237.92,71.95,16.073
grapes,2.34,18.97,733.15,89.7,44.68,122.88,147.05,69.47,10.845
lentil,9.38,26.77,510.98,37.34,63.72,33.73,63.71,24.12,2.217
chickpea,19.09,21.92,685.2,39.06,61.94,30.78,107.99,29.24,3.094
mungbean,11.5,30.78,882.33,24.85,60.85,22.13,87.77,52.19,3.092
mungbean,17.79,31.3,840.26,19.3,49.42,33.65,66.88,46.53,3.02
maize,14.39,26.59,777.2,72.64,47.1,40.14,112.3,41.64,6.321
chickpea,8.5,23.48,491.96,45.3,56.42,31.52,93.19,22.13,2.908
orange,15.99,28.07,960.36,40.24,32.8,66.79,139.81,63.81,8.173
mothbeans,12.24,32.97,591.78,21.73,25.25,13.38,75.85,34.15,2.226
watermelon,18.11,27.58,473.03,93.38,35.94,79.83,131.28,41.14,17.917
coffee,19.04,21.94,1945.08,83.06,25.49,131.89,214.34,54.59,5.003
chickpea,16.47,23.1,689.38,23.05,46.28,39.11,60.5,38.37,2.891
muskmelon,5.42,30.69,358.33,71.33,49.2,54.68,106.32,54.72,12.886
grapes,14.62,27.12,787.43,83.15,45.19,141.71,170.24,67.96,12.374
pomegranate,16.73,21.94,721.7,33.04,18.66,57.56,88.15,55.67,5.351
coconut,6.77,26.35,2052.86,21.46,23.45,55.61,164.36,77.78,9.933
mango,10.75,30.38,1371.34,36.92,50.97,66.94,119.01,69.95,7.495
pomegranate,5.37,25.21,824.96,30.1,17.11,67.5,84.19,59.8,7.397
coconut,15.26,28.17,1982.6,35.81,7.16,40.63,147.42,86.87,9.693
lentil,2.8,18.76,601.27,23.46,69.24,19.58,68.04,33.12,2.541
watermelon,2.09,26.67,780.77,95.38,58.79,46.46,132.17,72.86,16.351
coconut,27.96,30.68,1609.13,22.43,18.57,36.65,106.61,85.94,8.445
kidneybeans,5.11,18.63,699.8,33.24,56.83,32.32,113.8,26.2,2.975
muskmelon,13.45,28.99,430.07,108.65,33.26,79.95,138.09,49.66,12.553
kidneybeans,3.3,24.99,432.44,33.86,56.02,39.89,85.62,44.21,2.842
mothbeans,5.09,34.26,538.01,17.96,53.64,16.69,57.56,28.51,1.959
lentil,4.29,27.16,573.52,24.37,66.0,29.97,92.66,33.49,2.781
kidneybeans,8.53,25.2,721.98,42.82,49.58,27.65,90.93,32.35,2.786
maize,1.74,27.23,964.51,90.31,65.15,58.01,211.97,48.76,6.357
pigeonpeas,26.52,24.41,580.22,39.55,55.3,24.28,104.5,31.1,3.203
lentil,1.13,20.88,600.53,38.79,56.69,22.53,65.17,53.84,2.809
rice,27.14,29.59,1107.91,112.13,69.49,39.93,243.42,74.28,7.004
pigeonpeas,13.4,27.09,590.48,33.52,34.92,38.31,84.79,56.17,3.335
coffee,2.47,18.27,1264.01,77.4,37.17,138.05,167.88,59.96,4.428
watermelon,5.2,25.76,531.96,117.13,55.7,50.76,203.15,50.13,14.362
chickpea,17.46,20.44,645.03,50.77,69.44,44.35,82.41,48.7,3.22
banana,9.56,26.97,1734.09,118.63,87.91,50.52,171.81,74.41,15.801
blackgram,12.39,27.78,1075.03,25.28,40.32,31.95,117.68,31.41,2.823
orange,19.34,22.04,1049.7,40.86,20.66,103.35,88.89,62.72,10.965
banana,8.06,26.7,925.45,83.44,92.26,69.14,140.79,86.52,17.957
coffee,5.94,22.97,1356.81,105.04,34.46,117.41,120.26,74.69,4.303
rice,5.41,23.52,1152.67,96.39,30.12,46.69,161.76,79.34,6.356
jute,24.27,26.21,1909.65,61.97,49.8,45.11,164.23,74.62,5.888
muskmelon,10.65,25.53,619.03,83.53,52.34,58.39,95.79,40.77,13.091
blackgram,5.91,28.17,966.55,26.95,41.98,22.38,57.61,30.88,2.541
banana,5.49,25.25,1210.65,95.23,81.53,43.09,231.91,72.96,15.807
muskmelon,7.5,29.27,464.9,60.45,38.09,46.91,132.73,64.4,13.629
muskmelon,8.7,28.87,536.08,69.07,50.4,60.74,123.89,64.19,14.11
coconut,14.59,30.76,2443.4,34.67,27.8,55.96,215.0,53.29,7.807
banana,10.38,29.21,978.61,106.46,78.25,43.2,192.09,57.51,17.492
blackgram,4.02,25.61,900.23,44.4,46.58,31.22,62.19,52.45,2.809
mungbean,6.96,30.28,423.68,26.67,36.31,38.27,100.31,59.29,3.081
watermelon,22.14,24.35,363.92,79.01,37.81,60.09,178.66,70.7,15.166
blackgram,14.15,24.35,1014.99,43.85,53.23,38.91,83.04,44.53,3.099
muskmelon,12.87,24.39,563.6,78.08,62.54,87.12,174.59,54.87,13.939
chickpea,4.41,24.02,716.79,26.48,64.77,21.37,87.18,45.95,3.204
banana,18.79,25.25,1599.39,104.32,83.95,38.21,241.51,72.92,17.571
maize,13.25,26.48,696.33,95.58,66.92,61.77,120.42,43.16,6.136
chickpea,11.25,26.27,484.62,43.35,55.99,21.28,76.46,53.25,3.266
kidneybeans,17.01,18.69,484.61,30.95,52.73,15.36,102.84,37.52,2.961
chickpea,1.67,20.45,541.25,37.77,51.53,38.38,62.68,31.42,2.682
mothbeans,4.96,34.68,287.77,27.94,36.86,24.45,97.39,26.94,2.154
cotton,20.8,22.04,782.84,73.91,25.54,54.77,124.59,70.99,4.073
kidneybeans,13.56,21.45,699.12,28.74,57.43,28.13,72.24,28.65,2.695
lentil,18.89,20.19,340.04,38.56,69.82,36.59,46.54,28.79,2.232
coconut,22.53,30.95,1558.52,21.32,14.69,50.53,128.72,77.07,8.258
coffee,3.2,18.77,1261.74,73.54,26.28,139.35,235.95,72.41,5.577
coffee,11.58,24.51,1361.09,82.46,20.1,116.72,147.26,70.35,4.729
pigeonpeas,4.64,22.79,921.51,46.14,31.52,19.07,69.78,33.52,2.707
cotton,16.77,26.41,594.72,69.2,40.12,48.24,188.0,52.68,4.842
coconut,24.14,30.91,1934.59,12.77,8.09,58.74,175.09,80.1,8.423
maize,6.88,29.12,899.73,62.33,61.14,41.74,102.0,56.13,5.892
orange,16.65,20.97,744.3,50.34,33.77,84.87,170.39,68.57,10.477
jute,11.02,26.89,1958.88,62.69,53.55,53.11,183.91,77.36,5.749
mungbean,18.85,28.67,660.02,23.21,44.86,33.42,68.43,49.15,2.897
apple,15.28,24.18,969.96,96.8,70.16,141.86,180.41,58.37,5.886
orange,10.01,20.51,860.54,34.15,32.07,76.17,136.06,70.14,9.136
orange,1.67,25.36,876.41,44.21,27.23,99.99,171.85,44.78,10.574
apple,1.21,19.82,901.87,99.31,64.63,110.55,112.58,52.78,6.043
apple,8.63,22.96,916.19,83.12,59.91,105.72,184.83,74.02,6.251
grapes,12.81,29.87,948.44,86.24,42.47,117.96,115.83,71.48,9.676
maize,13.76,28.62,631.19,90.06,43.71,50.45,106.28,50.67,5.978
mothbeans,6.77,33.57,371.64,13.08,30.57,30.17,69.61,21.01,1.95
mango,24.1,24.44,1239.75,73.22,39.9,64.21,122.84,47.01,6.59
maize,1.6,26.03,637.79,80.88,50.47,54.96,164.56,51.85,6.828
jute,26.36,24.4,1623.82,63.81,59.33,67.43,199.73,68.01,5.768
muskmelon,10.9,26.84,317.82,89.19,43.3,85.91,138.01,61.79,15.124
apple,18.31,18.9,884.38,95.84,77.2,148.99,146.38,76.02,6.14
chickpea,13.34,21.58,352.29,24.04,74.19,47.67,72.76,29.06,2.641
grapes,8.79,26.35,922.76,76.05,41.09,105.64,107.43,64.04,13.072
apple,5.89,22.88,840.9,102.48,48.28,144.05,150.38,65.56,6.188
mothbeans,17.81,32.08,352.36,16.73,37.94,19.32,59.77,21.23,1.923
cotton,9.45,27.07,743.35,96.05,40.31,66.78,200.79,70.16,5.185
watermelon,19.56,26.61,759.21,106.66,58.16,76.05,143.01,46.32,16.482
coffee,4.23,18.16,1252.09,125.79,22.92,85.12,183.17,53.58,4.846
kidneybeans,14.51,19.62,414.66,24.11,49.71,24.89,118.55,31.34,2.716
mango,15.76,30.52,1453.65,66.09,24.22,99.06,92.04,37.7,8.082
cotton,9.29,31.54,972.02,65.74,58.11,61.02,112.8,55.77,4.205
papaya,2.95,24.76,1595.6,54.64,55.28,126.93,168.91,64.42,23.367
pigeonpeas,8.52,28.05,705.01,27.66,56.65,27.01,68.93,61.37,3.787
chickpea,18.46,19.15,601.67,23.61,49.38,20.62,75.44,42.39,2.888
mango,8.09,29.57,1167.58,55.97,42.18,73.31,148.04,48.56,9.562
cotton,24.22,29.96,516.69,78.14,39.8,53.42,117.94,48.41,3.908
cotton,15.52,27.62,782.19,63.37,33.74,60.21,149.47,57.42,4.496
apple,14.15,18.13,835.49,108.87,76.85,126.3,109.78,72.96,5.74
chickpea,15.92,27.36,501.3,22.76,48.02,39.63,75.95,34.91,2.635
apple,12.11,24.32,875.01,82.12,70.38,147.15,214.51,50.17,6.345
apple,10.03,22.71,773.31,91.6,54.94,107.13,161.45,50.8,5.515
pomegranate,6.94,21.91,896.2,52.7,27.23,65.6,140.54,41.9,7.584
grapes,8.2,24.2,870.86,76.56,62.4,119.9,101.51,71.64,11.154
jute,9.51,27.99,1330.02,117.74,50.64,44.09,103.5,84.51,5.104
mothbeans,7.65,32.17,311.06,27.44,34.58,11.29,95.98,29.48,2.269
lentil,3.82,27.78,614.63,32.18,40.78,19.32,84.93,34.57,2.57
orange,6.31,23.43,786.21,48.87,34.48,74.05,142.3,74.17,11.375
coffee,19.34,23.55,2046.61,102.44,29.56,129.9,190.08,51.19,5.192
mungbean,15.65,24.67,699.71,40.73,60.94,25.34,59.6,56.9,2.764
rice,11.04,25.58,1563.44,110.43,52.44,56.04,127.58,88.67,6.674
lentil,9.2,20.48,638.84,29.87,69.81,34.83,101.5,47.07,3.4
maize,15.27,20.84,918.56,64.37,49.37,58.61,159.51,72.25,7.13
muskmelon,17.19,31.63,469.34,108.65,30.5,59.66,167.49,47.6,13.422
coconut,13.96,28.78,1866.59,36.71,12.88,48.09,194.32,80.6,9.577
jute,9.32,26.0,1410.3,94.95,69.77,69.61,163.21,77.37,5.05
pigeonpeas,21.45,29.95,614.15,38.69,26.18,25.63,121.1,46.76,3.473
blackgram,18.7,27.34,958.97,20.9,51.04,15.55,90.3,49.09,3.077
mango,7.23,29.63,1137.6,71.99,43.25,89.01,106.13,62.72,8.418
banana,2.4,30.13,1612.82,104.1,83.9,67.03,252.1,68.67,19.702
pigeonpeas,18.48,28.67,869.94,44.99,55.43,27.23,102.28,36.21,3.492
muskmelon,1.49,30.84,447.03,77.15,34.15,74.72,125.88,63.8,12.392
kidneybeans,3.23,23.29,636.87,34.43,63.32,15.42,62.21,30.8,2.87
orange,15.38,29.22,1134.94,44.04,16.58,111.36,84.64,47.54,9.866
lentil,3.68,18.86,329.48,33.18,63.16,21.47,105.68,47.72,3.115
coconut,4.84,25.69,2203.5,31.89,20.58,56.29,172.34,65.85,9.226
watermelon,11.77,31.86,371.06,110.43,49.85,84.04,135.09,46.85,17.23
pigeonpeas,13.87,24.5,714.71,41.94,31.27,47.03,74.51,32.93,3.089
blackgram,12.98,26.73,941.27,38.26,59.86,19.48,64.57,31.83,2.344
mungbean,11.71,27.41,536.28,23.36,69.72,38.09,50.31,46.26,2.548
jute,28.47,27.99,1699.43,110.86,59.56,34.08,144.04,74.34,5.423
watermelon,23.15,28.14,429.42,112.29,31.24,67.98,186.59,46.2,19.381
banana,17.94,29.22,1442.23,107.61,68.83,59.45,277.34,69.87,17.829
lentil,8.17,21.94,352.44,19.89,58.96,23.49,107.07,28.53,2.537
mango,16.59,24.39,1058.64,75.4,48.47,63.06,168.4,63.93,8.6
mothbeans,18.89,26.89,386.64,30.6,21.58,27.92,40.29,46.99,2.285
mothbeans,18.66,33.82,359.4,28.97,33.25,27.43,60.91,15.05,1.93
lentil,17.91,24.79,396.19,27.59,42.39,18.21,69.7,40.15,2.814
pigeonpeas,7.8,27.51,885.3,27.68,46.16,31.85,90.25,28.6,3.244
muskmelon,18.69,27.17,444.39,97.98,39.24,82.56,97.61,60.92,14.224
apple,10.71,18.69,986.88,95.45,47.9,148.95,131.48,63.95,5.881
coffee,9.04,21.97,1766.35,76.5,32.51,92.03,174.02,79.07,5.364
kidneybeans,12.63,25.2,400.38,21.87,51.3,18.1,61.63,46.91,2.491
blackgram,14.18,29.4,941.29,17.22,48.41,25.23,56.94,37.78,2.381
blackgram,8.95,30.06,1013.31,31.84,46.56,21.77,91.75,41.02,2.978
papaya,7.11,29.47,1766.18,57.89,64.96,108.3,189.83,55.09,23.664
pigeonpeas,4.4,22.88,828.93,31.74,50.97,38.49,76.69,60.93,3.476
coffee,13.86,18.2,1360.18,124.16,59.9,114.13,189.35,72.07,5.057
lentil,17.25,21.9,512.29,44.3,41.53,22.54,47.02,33.71,2.512
papaya,12.84,29.85,897.77,62.91,56.88,85.95,120.3,60.27,25.079
mungbean,6.64,25.98,678.76,24.25,60.51,29.2,82.26,58.05,2.899
coconut,15.67,25.6,2056.5,14.69,20.34,22.18,121.93,59.28,7.37
blackgram,18.35,24.71,803.43,43.28,63.52,25.28,103.39,45.99,2.985
apple,18.86,25.69,1040.34,110.89,72.73,129.48,184.53,47.74,6.04
coconut,22.36,27.49,1906.0,35.68,6.82,38.2,93.33,79.0,7.974
papaya,9.21,23.98,953.53,81.88,44.38,72.92,101.98,63.94,23.667
rice,10.85,22.42,2042.49,104.95,41.92,27.78,221.28,86.21,7.712
coconut,20.45,25.11,2376.61,31.55,17.64,37.37,186.12,83.34,9.975
pigeonpeas,29.25,22.52,897.87,40.83,30.46,37.23,60.29,27.78,2.483
jute,6.56,28.87,1214.12,77.2,37.04,46.15,105.83,76.26,4.69
watermelon,10.46,30.98,473.53,77.44,48.29,89.6,122.58,66.11,14.224
kidneybeans,10.74,21.79,479.38,26.31,54.98,21.77,89.72,41.18,2.947
jute,5.15,25.55,1746.56,116.01,55.17,52.71,177.6,70.42,5.86
chickpea,3.73,20.24,574.44,29.41,64.19,40.72,71.09,23.06,2.447
mungbean,5.65,29.82,827.26,27.0,58.4,25.01,78.49,41.0,2.896
mungbean,9.29,27.44,645.48,28.56,50.37,20.26,95.74,25.32,2.738
rice,25.66,25.41,1598.58,101.88,34.2,40.94,248.43,82.08,7.454
lentil,10.67,27.77,571.42,19.76,53.0,37.54,48.53,42.33,2.382
mungbean,7.27,25.16,451.7,32.63,40.97,38.13,85.67,33.87,2.665
mungbean,15.94,31.82,718.43,24.64,52.43,35.41,63.57,29.26,2.4
jute,15.06,25.45,1476.73,103.63,53.93,51.17,123.43,79.16,5.183
jute,9.6,26.41,1232.7,78.88,65.73,66.48,113.16,71.03,4.809
coffee,15.95,18.46,2050.28,121.65,33.69,126.13,176.37,50.4,5.051
maize,15.58,25.05,791.32,76.73,62.54,61.53,132.07,64.46,6.489
muskmelon,18.81,31.66,470.24,73.22,51.3,73.27,152.23,46.26,11.606
pigeonpeas,27.96,22.18,962.48,53.08,20.48,41.71,127.62,61.24,3.797
watermelon,6.59,29.69,378.11,91.1,54.95,78.27,111.39,69.08,19.101
rice,9.11,25.07,1152.53,115.31,66.97,56.59,205.77,88.46,7.506
rice,19.9,25.94,1976.4,104.56,63.82,32.75,145.9,75.41,7.08
grapes,1.09,20.21,817.77,58.99,67.35,133.53,139.21,66.23,10.046
mango,7.03,29.67,767.97,43.11,26.16,103.41,137.89,37.26,8.182
muskmelon,1.39,31.93,404.4,93.24,59.72,52.22,174.79,35.43,11.94
lentil,6.51,18.06,641.95,29.19,60.2,38.97,45.18,43.63,2.678
kidneybeans,3.01,19.81,736.28,26.9,56.82,21.15,84.41,53.2,3.125
kidneybeans,17.47,19.99,422.32,43.88,46.82,37.57,92.86,57.16,3.346
coconut,20.68,28.47,1838.6,23.9,23.37,24.98,102.75,62.12,8.3
watermelon,13.8,27.15,559.42,96.0,46.46,70.65,206.28,47.07,14.423
mango,7.24,27.92,710.23,79.97,33.28,88.81,158.48,59.95,8.356
maize,2.89,29.15,569.1,76.52,56.35,33.48,129.29,53.65,5.282
muskmelon,18.24,24.76,584.8,96.39,62.04,68.34,122.16,63.97,12.164
orange,9.06,21.01,782.85,50.53,45.22,87.42,85.96,37.67,9.891
banana,11.93,27.91,1245.89,122.51,60.65,44.66,231.83,71.77,17.969
orange,12.85,28.31,715.06,50.62,31.97,99.92,115.82,59.83,9.416
coffee,18.11,23.81,1268.62,111.51,45.27,133.01,235.95,70.14,5.221
coffee,2.07,20.38,1278.18,71.9,56.75,130.18,207.52,63.64,5.123
chickpea,15.12,20.37,681.9,39.1,67.81,34.18,84.94,41.69,3.208
grapes,17.42,29.39,673.95,44.53,42.91,110.65,194.03,53.24,10.842
papaya,2.08,23.6,1619.64,51.84,38.15,106.6,170.07,61.42,22.64
chickpea,19.41,27.6,678.29,41.06,67.48,25.34,83.53,29.01,2.891
coffee,4.04,20.56,2164.28,107.31,31.1,111.56,236.97,68.4,5.818
rice,11.99,26.27,1404.34,79.06,58.55,59.92,246.78,90.83,8.45
coconut,18.31,29.71,1297.02,17.1,32.29,42.89,144.08,79.91,8.366
pomegranate,13.18,23.57,752.52,26.58,44.24,107.86,89.47,56.39,7.159
mothbeans,6.24,25.54,596.17,33.43,36.82,24.39,73.73,23.9,1.933
grapes,12.58,20.55,524.58,42.23,38.11,120.59,128.3,48.51,12.435
muskmelon,14.1,29.15,631.17,103.09,49.71,58.26,92.28,56.5,14.787
coffee,4.91,22.65,2043.82,74.74,54.04,104.02,176.87,56.9,5.095
kidneybeans,8.91,19.96,698.05,43.36,56.42,18.37,57.64,25.22,2.405
mothbeans,8.11,30.94,414.8,20.93,41.84,30.72,54.5,27.0,1.923
chickpea,2.83,19.25,698.39,43.22,58.08,39.47,115.45,23.48,3.326
chickpea,15.13,21.13,558.57,50.1,74.04,28.43,95.54,50.11,3.675
banana,3.59,26.92,985.25,113.66,93.29,57.99,227.65,64.74,15.864
coconut,22.59,25.81,1780.26,21.74,18.79,38.02,100.03,89.06,8.581
grapes,8.83,27.12,615.34,85.29,52.51,132.93,183.47,74.96,10.008
mango,19.55,26.13,811.81,53.89,36.68,73.95,116.75,47.82,7.288
coffee,18.23,22.15,1996.89,120.3,49.4,107.4,240.94,70.97,5.534
blackgram,17.15,31.85,936.01,38.07,50.17,37.82,101.5,60.92,3.161
watermelon,21.7,30.62,475.5,104.52,47.23,78.05,146.82,56.43,14.885
coconut,14.08,27.74,1614.48,27.02,16.4,24.52,201.34,78.05,8.754
mango,19.9,25.83,1341.06,43.48,43.19,78.01,86.74,46.19,7.846
coconut,9.96,30.72,1577.85,28.97,30.63,46.57,125.19,72.1,8.892
chickpea,6.6,24.64,684.5,20.64,62.87,26.94,111.17,28.88,3.02
watermelon,18.19,25.77,614.52,102.77,56.74,90.0,104.83,43.09,15.044
papaya,2.24,25.38,1790.22,42.23,59.36,74.65,163.48,63.08,25.215
mungbean,8.91,31.5,545.24,27.37,61.56,23.59,70.5,59.79,2.831
coffee,8.98,19.22,1355.87,125.31,29.35,141.19,190.46,61.16,5.106
cotton,27.15,27.99,764.29,113.41,40.91,62.46,106.46,35.05,3.981
watermelon,13.06,25.21,475.96,98.29,44.47,81.2,130.81,73.79,15.056
mothbeans,14.67,29.32,469.56,27.52,42.74,12.11,64.95,16.46,2.095
grapes,8.06,18.55,893.47,61.65,50.34,97.17,113.04,60.57,11.673
cotton,10.6,23.89,863.65,88.11,26.09,68.4,117.73,49.14,4.118
mothbeans,10.47,30.88,250.87,35.68,41.35,13.23,88.98,40.1,2.398
watermelon,18.57,28.25,709.87,110.65,43.64,79.07,124.75,55.13,17.981
mango,19.3,26.78,1230.02,63.59,58.42,82.25,122.51,63.42,8.149
coconut,1.53,27.2,1536.1,39.64,9.81,51.63,157.62,65.1,8.883
rice,26.83,30.93,1622.63,88.96,60.88,51.47,172.31,63.31,7.264
jute,16.24,30.33,1736.75,77.9,46.65,56.13,165.94,58.37,4.863
orange,17.72,26.23,1245.49,47.86,31.19,101.32,146.36,35.27,11.21
mango,2.53,27.38,878.22,39.98,46.2,60.68,176.91,48.84,8.64
lentil,13.3,20.67,502.71,15.69,39.55,27.96,65.13,53.8,2.887
lentil,19.73,25.21,304.22,40.18,59.61,29.02,60.35,25.23,2.305
papaya,10.54,28.96,824.05,65.08,54.3,81.29,153.25,66.3,17.683
mothbeans,16.86,26.59,275.95,36.6,24.63,10.88,83.26,44.67,2.387
cotton,9.76,26.33,693.16,80.51,38.59,30.44,206.35,74.09,5.506
grapes,4.11,29.34,551.65,53.35,67.23,126.1,110.84,60.72,9.662
mango,15.59,26.35,974.92,52.64,40.23,119.06,102.33,52.08,7.666
muskmelon,5.5,25.42,345.26,63.5,47.78,82.89,102.68,59.52,11.176
coconut,4.95,26.17,1831.76,11.55,17.47,51.53,100.82,68.4,9.511
maize,15.99,20.05,818.55,60.93,51.76,35.41,151.01,56.48,6.09
mothbeans,10.0,34.87,282.83,22.37,50.64,17.1,87.27,28.4,1.945
blackgram,10.51,26.72,742.53,23.09,54.47,25.73,84.06,35.57,2.549
grapes,15.14,24.71,796.31,63.87,56.01,89.5,134.97,46.22,11.344
papaya,7.64,29.38,956.77,82.3,63.08,79.16,183.02,65.23,22.506
chickpea,12.59,26.36,566.56,27.83,52.85,23.03,101.51,23.71,2.645
maize,28.65,20.36,676.66,102.71,44.59,36.02,216.84,68.22,6.367
coconut,19.07,30.54,2482.57,32.81,26.0,32.87,200.0,58.71,9.724
coconut,3.22,26.47,2347.28,11.32,27.1,31.68,143.37,71.24,8.975
mango,2.22,27.24,1385.39,44.46,48.0,60.44,115.54,56.54,7.961
apple,3.98,22.45,750.07,86.97,58.03,153.01,149.87,65.95,6.113
rice,2.65,25.99,2027.94,93.59,34.72,35.64,204.0,65.32,7.202
watermelon,15.37,26.9,330.31,70.42,33.32,44.92,173.31,56.03,13.123
lentil,12.64,25.55,636.98,41.07,36.28,28.9,59.06,50.11,2.82
watermelon,7.3,31.49,420.49,76.14,59.09,47.66,121.51,58.98,13.368
papaya,7.81,31.18,1188.63,65.46,29.66,114.24,184.04,76.77,23.49
pomegranate,8.42,25.29,416.74,30.32,31.6,65.31,63.12,52.62,6.533
pigeonpeas,3.82,26.28,749.41,48.24,52.57,44.69,105.83,46.22,3.672
mango,24.28,24.89,1186.93,77.95,36.09,63.06,172.33,65.93,8.6
kidneybeans,2.33,18.92,653.54,32.13,65.58,19.45,100.86,57.76,3.278
coffee,11.55,21.94,2187.64,83.09,27.5,147.42,216.49,63.77,5.571
maize,13.97,25.52,704.75,85.4,50.13,58.07,218.18,72.28,7.691
mothbeans,1.43,30.62,269.11,19.61,42.01,32.82,61.47,45.1,2.185
grapes,3.84,25.37,895.93,78.4,52.11,131.23,154.19,47.05,11.224
pomegranate,15.86,23.04,689.47,52.08,36.88,92.67,147.6,62.02,6.144
mothbeans,19.33,29.65,266.62,12.51,33.66,16.44,50.2,48.36,1.979
watermelon,2.63,26.17,654.11,94.7,49.2,69.83,145.92,65.96,14.275
mango,2.53,31.15,748.34,49.56,22.16,119.94,171.44,55.47,8.854
mothbeans,18.82,25.94,302.63,27.7,23.43,19.27,77.47,42.32,2.424
rice,22.82,27.04,1900.32,97.88,44.72,33.77,149.17,86.3,7.509
muskmelon,6.21,27.61,474.31,98.68,30.02,67.55,108.43,57.64,13.658
mothbeans,5.6,33.42,509.42,28.39,21.36,13.18,70.0,41.12,2.125
banana,19.05,24.99,1244.83,132.77,59.26,51.93,258.27,74.49,18.573
lentil,10.58,25.71,556.12,41.14,62.4,24.15,86.09,46.16,2.795
watermelon,20.52,26.55,699.61,100.04,37.57,60.7,138.12,38.12,16.079
jute,9.74,29.39,1707.57,61.64,52.9,31.45,181.28,87.75,5.679
apple,10.61,24.56,1026.95,105.5,70.06,152.51,173.63,54.74,6.764
cotton,25.0,27.88,504.47,113.02,50.47,61.52,108.62,63.34,4.352
coconut,18.82,29.48,2176.41,16.65,6.85,37.95,108.35,77.97,8.339
maize,9.39,22.58,792.98,77.55,42.66,57.64,211.87,41.71,6.675
lentil,6.69,26.31,334.32,37.99,43.69,37.95,45.36,39.48,2.117
lentil,11.66,22.02,594.73,30.83,69.15,16.38,47.23,39.9,2.702
jute,11.28,29.98,1761.63,101.93,48.22,53.97,178.13,78.83,5.676
papaya,7.8,30.46,1661.96,48.76,39.14,84.25,114.72,70.86,24.476
jute,28.51,24.95,1443.85,88.29,35.02,66.84,111.89,78.89,4.93
pigeonpeas,20.42,26.42,819.05,33.99,51.07,15.18,67.26,36.86,3.22
blackgram,7.61,28.52,775.72,43.26,42.64,22.03,100.79,30.14,2.882
grapes,1.43,20.47,913.81,47.66,44.98,124.03,110.27,50.61,8.83
coconut,11.19,27.04,1833.99,37.67,14.54,49.78,100.51,72.43,8.554
